﻿<?xml version="1.0" encoding="utf-8"?>
<TextureAtlas imagePath="credits.png">
	<!-- Created with Adobe Animate version 23.0.0.407 -->
	<!-- http://www.adobe.com/products/animate.html -->
	<SubTexture name="credits white0000" x="100" y="100" width="586" height="172"/>
	<SubTexture name="credits white0001" x="786" y="100" width="584" height="172" frameX="-1" frameY="0" frameWidth="586" frameHeight="172"/>
	<SubTexture name="credits white0002" x="100" y="372" width="585" height="171" frameX="0" frameY="0" frameWidth="586" frameHeight="172"/>
	<SubTexture name="credits basic0000" x="785" y="372" width="517" height="152"/>
	<SubTexture name="credits basic0001" x="785" y="372" width="517" height="152"/>
	<SubTexture name="credits basic0002" x="785" y="372" width="517" height="152"/>
	<SubTexture name="credits basic0003" x="1402" y="372" width="517" height="152"/>
	<SubTexture name="credits basic0004" x="1402" y="372" width="517" height="152"/>
	<SubTexture name="credits basic0005" x="1402" y="372" width="517" height="152"/>
	<SubTexture name="credits basic0006" x="100" y="643" width="517" height="152"/>
	<SubTexture name="credits basic0007" x="100" y="643" width="517" height="152"/>
	<SubTexture name="credits basic0008" x="100" y="643" width="517" height="152"/>
</TextureAtlas>
