﻿<?xml version="1.0" encoding="utf-8"?>
<TextureAtlas imagePath="donate.png">
	<!-- Created with Adobe Animate version 22.0.3.179 -->
	<!-- http://www.adobe.com/products/animate.html -->
	<SubTexture name="donate basic0000" x="0" y="0" width="444" height="117"/>
	<SubTexture name="donate basic0001" x="0" y="0" width="444" height="117"/>
	<SubTexture name="donate basic0002" x="0" y="0" width="444" height="117"/>
	<SubTexture name="donate basic0003" x="444" y="0" width="444" height="117"/>
	<SubTexture name="donate basic0004" x="444" y="0" width="444" height="117"/>
	<SubTexture name="donate basic0005" x="444" y="0" width="444" height="117"/>
	<SubTexture name="donate basic0006" x="0" y="117" width="444" height="117"/>
	<SubTexture name="donate basic0007" x="0" y="117" width="444" height="117"/>
	<SubTexture name="donate basic0008" x="0" y="117" width="444" height="117"/>
	<SubTexture name="donate white0000" x="0" y="234" width="590" height="157" frameX="0" frameY="-2" frameWidth="590" frameHeight="159"/>
	<SubTexture name="donate white0001" x="0" y="391" width="587" height="154" frameX="-1" frameY="-5" frameWidth="590" frameHeight="159"/>
	<SubTexture name="donate white0002" x="0" y="545" width="585" height="155" frameX="-3" frameY="0" frameWidth="590" frameHeight="159"/>
</TextureAtlas>
