﻿<?xml version="1.0" encoding="utf-8"?>
<TextureAtlas imagePath="freeplay.png">
	<!-- Created with Adobe Animate version 22.0.3.179 -->
	<!-- http://www.adobe.com/products/animate.html -->
	<SubTexture name="freeplay basic0000" x="0" y="0" width="484" height="122"/>
	<SubTexture name="freeplay basic0001" x="0" y="0" width="484" height="122"/>
	<SubTexture name="freeplay basic0002" x="0" y="0" width="484" height="122"/>
	<SubTexture name="freeplay basic0003" x="484" y="0" width="484" height="122"/>
	<SubTexture name="freeplay basic0004" x="484" y="0" width="484" height="122"/>
	<SubTexture name="freeplay basic0005" x="484" y="0" width="484" height="122"/>
	<SubTexture name="freeplay basic0006" x="0" y="122" width="484" height="122"/>
	<SubTexture name="freeplay basic0007" x="0" y="122" width="484" height="122"/>
	<SubTexture name="freeplay basic0008" x="0" y="122" width="484" height="122"/>
	<SubTexture name="freeplay white0000" x="0" y="244" width="627" height="169" frameX="0" frameY="0" frameWidth="635" frameHeight="174"/>
	<SubTexture name="freeplay white0001" x="0" y="413" width="632" height="170" frameX="-3" frameY="-1" frameWidth="635" frameHeight="174"/>
	<SubTexture name="freeplay white0002" x="0" y="583" width="629" height="173" frameX="-4" frameY="-1" frameWidth="635" frameHeight="174"/>
</TextureAtlas>
