﻿<?xml version="1.0" encoding="utf-8"?>
<TextureAtlas imagePath="story mode.png">
	<!-- Created with Adobe Animate version 22.0.3.179 -->
	<!-- http://www.adobe.com/products/animate.html -->
	<SubTexture name="story mode basic0000" x="0" y="0" width="615" height="122"/>
	<SubTexture name="story mode basic0001" x="0" y="0" width="615" height="122"/>
	<SubTexture name="story mode basic0002" x="0" y="0" width="615" height="122"/>
	<SubTexture name="story mode basic0003" x="0" y="122" width="615" height="122"/>
	<SubTexture name="story mode basic0004" x="0" y="122" width="615" height="122"/>
	<SubTexture name="story mode basic0005" x="0" y="122" width="615" height="122"/>
	<SubTexture name="story mode basic0006" x="0" y="244" width="615" height="122"/>
	<SubTexture name="story mode basic0007" x="0" y="244" width="615" height="122"/>
	<SubTexture name="story mode basic0008" x="0" y="244" width="615" height="122"/>
	<SubTexture name="story mode white0000" x="0" y="366" width="796" height="173" frameX="0" frameY="-3" frameWidth="796" frameHeight="181"/>
	<SubTexture name="story mode white0001" x="0" y="539" width="794" height="174" frameX="-2" frameY="-2" frameWidth="796" frameHeight="181"/>
	<SubTexture name="story mode white0002" x="0" y="713" width="794" height="181" frameX="0" frameY="0" frameWidth="796" frameHeight="181"/>
</TextureAtlas>
