﻿<?xml version="1.0" encoding="utf-8"?>
<TextureAtlas imagePath="alphabet.png">
	<!-- Created with Adobe Animate version 21.0.0.35450 -->
	<!-- http://www.adobe.com/products/animate.html -->
	<SubTexture name="#0000" x="60" y="445" width="39" height="44"/>
	<SubTexture name="#0001" x="60" y="445" width="39" height="44"/>
	<SubTexture name="#0002" x="101" y="445" width="39" height="44"/>
	<SubTexture name="#0003" x="101" y="445" width="39" height="44"/>
	<SubTexture name="# bold0000" x="4" y="4" width="51" height="55" frameX="-1" frameY="0" frameWidth="53" frameHeight="55"/>
	<SubTexture name="# bold0001" x="4" y="4" width="51" height="55" frameX="-1" frameY="0" frameWidth="53" frameHeight="55"/>
	<SubTexture name="# bold0002" x="57" y="4" width="53" height="52" frameX="0" frameY="-1" frameWidth="53" frameHeight="55"/>
	<SubTexture name="# bold0003" x="57" y="4" width="53" height="52" frameX="0" frameY="-1" frameWidth="53" frameHeight="55"/>
	<SubTexture name="$0000" x="142" y="445" width="40" height="64"/>
	<SubTexture name="$0001" x="142" y="445" width="40" height="64"/>
	<SubTexture name="$0002" x="184" y="445" width="39" height="63" frameX="0" frameY="0" frameWidth="40" frameHeight="64"/>
	<SubTexture name="$0003" x="184" y="445" width="39" height="63" frameX="0" frameY="0" frameWidth="40" frameHeight="64"/>
	<SubTexture name="$ bold0000" x="112" y="4" width="50" height="73" frameX="0" frameY="0" frameWidth="51" frameHeight="73"/>
	<SubTexture name="$ bold0001" x="112" y="4" width="50" height="73" frameX="0" frameY="0" frameWidth="51" frameHeight="73"/>
	<SubTexture name="$ bold0002" x="164" y="4" width="51" height="73"/>
	<SubTexture name="$ bold0003" x="164" y="4" width="51" height="73"/>
	<SubTexture name="%0000" x="225" y="445" width="46" height="52"/>
	<SubTexture name="%0001" x="225" y="445" width="46" height="52"/>
	<SubTexture name="%0002" x="273" y="445" width="45" height="52" frameX="0" frameY="0" frameWidth="46" frameHeight="52"/>
	<SubTexture name="%0003" x="273" y="445" width="45" height="52" frameX="0" frameY="0" frameWidth="46" frameHeight="52"/>
	<SubTexture name="% bold0000" x="217" y="4" width="54" height="59" frameX="0" frameY="0" frameWidth="54" frameHeight="60"/>
	<SubTexture name="% bold0001" x="217" y="4" width="54" height="59" frameX="0" frameY="0" frameWidth="54" frameHeight="60"/>
	<SubTexture name="% bold0002" x="273" y="4" width="54" height="60"/>
	<SubTexture name="% bold0003" x="273" y="4" width="54" height="60"/>
	<SubTexture name="&0000" x="320" y="445" width="36" height="58"/>
	<SubTexture name="&0001" x="320" y="445" width="36" height="58"/>
	<SubTexture name="&0002" x="358" y="445" width="36" height="58"/>
	<SubTexture name="&0003" x="358" y="445" width="36" height="58"/>
	<SubTexture name="& bold0000" x="329" y="4" width="47" height="65" frameX="-1" frameY="0" frameWidth="48" frameHeight="65"/>
	<SubTexture name="& bold0001" x="329" y="4" width="47" height="65" frameX="-1" frameY="0" frameWidth="48" frameHeight="65"/>
	<SubTexture name="& bold0002" x="378" y="4" width="47" height="64" frameX="0" frameY="0" frameWidth="48" frameHeight="65"/>
	<SubTexture name="& bold0003" x="378" y="4" width="47" height="64" frameX="0" frameY="0" frameWidth="48" frameHeight="65"/>
	<SubTexture name="(0000" x="396" y="445" width="26" height="57"/>
	<SubTexture name="(0001" x="396" y="445" width="26" height="57"/>
	<SubTexture name="(0002" x="424" y="445" width="26" height="56" frameX="0" frameY="0" frameWidth="26" frameHeight="57"/>
	<SubTexture name="(0003" x="424" y="445" width="26" height="56" frameX="0" frameY="0" frameWidth="26" frameHeight="57"/>
	<SubTexture name="( bold0000" x="427" y="4" width="35" height="64" frameX="-3" frameY="0" frameWidth="38" frameHeight="65"/>
	<SubTexture name="( bold0001" x="427" y="4" width="35" height="64" frameX="-3" frameY="0" frameWidth="38" frameHeight="65"/>
	<SubTexture name="( bold0002" x="464" y="4" width="38" height="65"/>
	<SubTexture name="( bold0003" x="464" y="4" width="38" height="65"/>
	<SubTexture name=")0000" x="452" y="445" width="26" height="55"/>
	<SubTexture name=")0001" x="452" y="445" width="26" height="55"/>
	<SubTexture name=")0002" x="480" y="445" width="26" height="55"/>
	<SubTexture name=")0003" x="480" y="445" width="26" height="55"/>
	<SubTexture name=") bold0000" x="504" y="4" width="35" height="64" frameX="-1" frameY="0" frameWidth="38" frameHeight="65"/>
	<SubTexture name=") bold0001" x="504" y="4" width="35" height="64" frameX="-1" frameY="0" frameWidth="38" frameHeight="65"/>
	<SubTexture name=") bold0002" x="541" y="4" width="38" height="65"/>
	<SubTexture name=") bold0003" x="541" y="4" width="38" height="65"/>
	<SubTexture name="*0000" x="508" y="445" width="27" height="31"/>
	<SubTexture name="*0001" x="508" y="445" width="27" height="31"/>
	<SubTexture name="*0002" x="537" y="445" width="26" height="31" frameX="0" frameY="0" frameWidth="27" frameHeight="31"/>
	<SubTexture name="*0003" x="537" y="445" width="26" height="31" frameX="0" frameY="0" frameWidth="27" frameHeight="31"/>
	<SubTexture name="* bold0000" x="581" y="4" width="39" height="40" frameX="0" frameY="-1" frameWidth="39" frameHeight="41"/>
	<SubTexture name="* bold0001" x="581" y="4" width="39" height="40" frameX="0" frameY="-1" frameWidth="39" frameHeight="41"/>
	<SubTexture name="* bold0002" x="622" y="4" width="39" height="41"/>
	<SubTexture name="* bold0003" x="622" y="4" width="39" height="41"/>
	<SubTexture name="+0000" x="565" y="445" width="42" height="39"/>
	<SubTexture name="+0001" x="565" y="445" width="42" height="39"/>
	<SubTexture name="+0002" x="609" y="445" width="42" height="39"/>
	<SubTexture name="+0003" x="609" y="445" width="42" height="39"/>
	<SubTexture name="+ bold0000" x="663" y="4" width="51" height="46" frameX="-1" frameY="0" frameWidth="52" frameHeight="46"/>
	<SubTexture name="+ bold0001" x="663" y="4" width="51" height="46" frameX="-1" frameY="0" frameWidth="52" frameHeight="46"/>
	<SubTexture name="+ bold0002" x="716" y="4" width="52" height="46"/>
	<SubTexture name="+ bold0003" x="716" y="4" width="52" height="46"/>
	<SubTexture name="-0000" x="653" y="445" width="37" height="13"/>
	<SubTexture name="-0001" x="653" y="445" width="37" height="13"/>
	<SubTexture name="-0002" x="692" y="445" width="37" height="13"/>
	<SubTexture name="-0003" x="692" y="445" width="37" height="13"/>
	<SubTexture name="00000" x="731" y="445" width="34" height="54" frameX="0" frameY="0" frameWidth="35" frameHeight="54"/>
	<SubTexture name="00001" x="731" y="445" width="34" height="54" frameX="0" frameY="0" frameWidth="35" frameHeight="54"/>
	<SubTexture name="00002" x="767" y="445" width="35" height="54"/>
	<SubTexture name="00003" x="767" y="445" width="35" height="54"/>
	<SubTexture name="0 bold0000" x="770" y="4" width="46" height="64" frameX="0" frameY="-1" frameWidth="46" frameHeight="65"/>
	<SubTexture name="0 bold0001" x="770" y="4" width="46" height="64" frameX="0" frameY="-1" frameWidth="46" frameHeight="65"/>
	<SubTexture name="0 bold0002" x="818" y="4" width="45" height="65" frameX="0" frameY="0" frameWidth="46" frameHeight="65"/>
	<SubTexture name="0 bold0003" x="818" y="4" width="45" height="65" frameX="0" frameY="0" frameWidth="46" frameHeight="65"/>
	<SubTexture name="10000" x="804" y="445" width="23" height="53"/>
	<SubTexture name="10001" x="804" y="445" width="23" height="53"/>
	<SubTexture name="10002" x="829" y="445" width="23" height="53"/>
	<SubTexture name="10003" x="829" y="445" width="23" height="53"/>
	<SubTexture name="1 bold0000" x="865" y="4" width="32" height="59" frameX="0" frameY="-1" frameWidth="33" frameHeight="61"/>
	<SubTexture name="1 bold0001" x="865" y="4" width="32" height="59" frameX="0" frameY="-1" frameWidth="33" frameHeight="61"/>
	<SubTexture name="1 bold0002" x="899" y="4" width="33" height="61"/>
	<SubTexture name="1 bold0003" x="899" y="4" width="33" height="61"/>
	<SubTexture name="20000" x="854" y="445" width="37" height="52"/>
	<SubTexture name="20001" x="854" y="445" width="37" height="52"/>
	<SubTexture name="20002" x="893" y="445" width="36" height="52" frameX="0" frameY="0" frameWidth="37" frameHeight="52"/>
	<SubTexture name="20003" x="893" y="445" width="36" height="52" frameX="0" frameY="0" frameWidth="37" frameHeight="52"/>
	<SubTexture name="2 bold0000" x="934" y="4" width="46" height="61" frameX="-1" frameY="0" frameWidth="47" frameHeight="61"/>
	<SubTexture name="2 bold0001" x="934" y="4" width="46" height="61" frameX="-1" frameY="0" frameWidth="47" frameHeight="61"/>
	<SubTexture name="2 bold0002" x="4" y="79" width="47" height="60" frameX="0" frameY="0" frameWidth="47" frameHeight="61"/>
	<SubTexture name="2 bold0003" x="4" y="79" width="47" height="60" frameX="0" frameY="0" frameWidth="47" frameHeight="61"/>
	<SubTexture name="30000" x="931" y="445" width="34" height="56"/>
	<SubTexture name="30001" x="931" y="445" width="34" height="56"/>
	<SubTexture name="30002" x="967" y="445" width="34" height="55" frameX="0" frameY="0" frameWidth="34" frameHeight="56"/>
	<SubTexture name="30003" x="967" y="445" width="34" height="55" frameX="0" frameY="0" frameWidth="34" frameHeight="56"/>
	<SubTexture name="3 bold0000" x="53" y="79" width="44" height="62"/>
	<SubTexture name="3 bold0001" x="53" y="79" width="44" height="62"/>
	<SubTexture name="3 bold0002" x="99" y="79" width="43" height="62" frameX="0" frameY="0" frameWidth="44" frameHeight="62"/>
	<SubTexture name="3 bold0003" x="99" y="79" width="43" height="62" frameX="0" frameY="0" frameWidth="44" frameHeight="62"/>
	<SubTexture name="40000" x="4" y="511" width="35" height="55"/>
	<SubTexture name="40001" x="4" y="511" width="35" height="55"/>
	<SubTexture name="40002" x="41" y="511" width="35" height="54" frameX="0" frameY="0" frameWidth="35" frameHeight="55"/>
	<SubTexture name="40003" x="41" y="511" width="35" height="54" frameX="0" frameY="0" frameWidth="35" frameHeight="55"/>
	<SubTexture name="4 bold0000" x="144" y="79" width="46" height="66" frameX="-1" frameY="0" frameWidth="48" frameHeight="66"/>
	<SubTexture name="4 bold0001" x="144" y="79" width="46" height="66" frameX="-1" frameY="0" frameWidth="48" frameHeight="66"/>
	<SubTexture name="4 bold0002" x="192" y="79" width="48" height="66"/>
	<SubTexture name="4 bold0003" x="192" y="79" width="48" height="66"/>
	<SubTexture name="50000" x="78" y="511" width="41" height="53"/>
	<SubTexture name="50001" x="78" y="511" width="41" height="53"/>
	<SubTexture name="50002" x="121" y="511" width="41" height="53"/>
	<SubTexture name="50003" x="121" y="511" width="41" height="53"/>
	<SubTexture name="5 bold0000" x="242" y="79" width="51" height="62"/>
	<SubTexture name="5 bold0001" x="242" y="79" width="51" height="62"/>
	<SubTexture name="5 bold0002" x="295" y="79" width="51" height="62"/>
	<SubTexture name="5 bold0003" x="295" y="79" width="51" height="62"/>
	<SubTexture name="60000" x="164" y="511" width="39" height="54"/>
	<SubTexture name="60001" x="164" y="511" width="39" height="54"/>
	<SubTexture name="60002" x="205" y="511" width="39" height="54"/>
	<SubTexture name="60003" x="205" y="511" width="39" height="54"/>
	<SubTexture name="6 bold0000" x="348" y="79" width="52" height="61"/>
	<SubTexture name="6 bold0001" x="348" y="79" width="52" height="61"/>
	<SubTexture name="6 bold0002" x="402" y="79" width="50" height="61" frameX="-1" frameY="0" frameWidth="52" frameHeight="61"/>
	<SubTexture name="6 bold0003" x="402" y="79" width="50" height="61" frameX="-1" frameY="0" frameWidth="52" frameHeight="61"/>
	<SubTexture name="70000" x="246" y="511" width="40" height="49"/>
	<SubTexture name="70001" x="246" y="511" width="40" height="49"/>
	<SubTexture name="70002" x="288" y="511" width="40" height="49"/>
	<SubTexture name="70003" x="288" y="511" width="40" height="49"/>
	<SubTexture name="7 bold0000" x="454" y="79" width="50" height="56" frameX="-1" frameY="0" frameWidth="51" frameHeight="58"/>
	<SubTexture name="7 bold0001" x="454" y="79" width="50" height="56" frameX="-1" frameY="0" frameWidth="51" frameHeight="58"/>
	<SubTexture name="7 bold0002" x="506" y="79" width="51" height="57" frameX="0" frameY="-1" frameWidth="51" frameHeight="58"/>
	<SubTexture name="7 bold0003" x="506" y="79" width="51" height="57" frameX="0" frameY="-1" frameWidth="51" frameHeight="58"/>
	<SubTexture name="80000" x="330" y="511" width="34" height="56"/>
	<SubTexture name="80001" x="330" y="511" width="34" height="56"/>
	<SubTexture name="80002" x="366" y="511" width="33" height="56" frameX="0" frameY="0" frameWidth="34" frameHeight="56"/>
	<SubTexture name="80003" x="366" y="511" width="33" height="56" frameX="0" frameY="0" frameWidth="34" frameHeight="56"/>
	<SubTexture name="8 bold0000" x="559" y="79" width="44" height="65" frameX="-1" frameY="-1" frameWidth="45" frameHeight="66"/>
	<SubTexture name="8 bold0001" x="559" y="79" width="44" height="65" frameX="-1" frameY="-1" frameWidth="45" frameHeight="66"/>
	<SubTexture name="8 bold0002" x="605" y="79" width="45" height="65" frameX="0" frameY="0" frameWidth="45" frameHeight="66"/>
	<SubTexture name="8 bold0003" x="605" y="79" width="45" height="65" frameX="0" frameY="0" frameWidth="45" frameHeight="66"/>
	<SubTexture name="90000" x="401" y="511" width="34" height="57"/>
	<SubTexture name="90001" x="401" y="511" width="34" height="57"/>
	<SubTexture name="90002" x="437" y="511" width="34" height="57"/>
	<SubTexture name="90003" x="437" y="511" width="34" height="57"/>
	<SubTexture name="9 bold0000" x="652" y="79" width="45" height="63" frameX="-3" frameY="-2" frameWidth="48" frameHeight="65"/>
	<SubTexture name="9 bold0001" x="652" y="79" width="45" height="63" frameX="-3" frameY="-2" frameWidth="48" frameHeight="65"/>
	<SubTexture name="9 bold0002" x="699" y="79" width="47" height="64" frameX="0" frameY="0" frameWidth="48" frameHeight="65"/>
	<SubTexture name="9 bold0003" x="699" y="79" width="47" height="64" frameX="0" frameY="0" frameWidth="48" frameHeight="65"/>
	<SubTexture name=":0000" x="473" y="511" width="14" height="40"/>
	<SubTexture name=":0001" x="473" y="511" width="14" height="40"/>
	<SubTexture name=":0002" x="489" y="511" width="14" height="40"/>
	<SubTexture name=":0003" x="489" y="511" width="14" height="40"/>
	<SubTexture name=": bold0000" x="748" y="79" width="22" height="47" frameX="-1" frameY="-1" frameWidth="24" frameHeight="48"/>
	<SubTexture name=": bold0001" x="748" y="79" width="22" height="47" frameX="-1" frameY="-1" frameWidth="24" frameHeight="48"/>
	<SubTexture name=": bold0002" x="772" y="79" width="24" height="48"/>
	<SubTexture name=": bold0003" x="772" y="79" width="24" height="48"/>
	<SubTexture name=";0000" x="505" y="511" width="15" height="44"/>
	<SubTexture name=";0001" x="505" y="511" width="15" height="44"/>
	<SubTexture name=";0002" x="522" y="511" width="15" height="44"/>
	<SubTexture name=";0003" x="522" y="511" width="15" height="44"/>
	<SubTexture name="; bold0000" x="798" y="79" width="25" height="52"/>
	<SubTexture name="; bold0001" x="798" y="79" width="25" height="52"/>
	<SubTexture name="; bold0002" x="825" y="79" width="25" height="51" frameX="0" frameY="-1" frameWidth="25" frameHeight="52"/>
	<SubTexture name="; bold0003" x="825" y="79" width="25" height="51" frameX="0" frameY="-1" frameWidth="25" frameHeight="52"/>
	<SubTexture name="<0000" x="539" y="511" width="38" height="56"/>
	<SubTexture name="<0001" x="539" y="511" width="38" height="56"/>
	<SubTexture name="<0002" x="579" y="511" width="38" height="55" frameX="0" frameY="0" frameWidth="38" frameHeight="56"/>
	<SubTexture name="<0003" x="579" y="511" width="38" height="55" frameX="0" frameY="0" frameWidth="38" frameHeight="56"/>
	<SubTexture name="< bold0000" x="852" y="79" width="48" height="61" frameX="0" frameY="-2" frameWidth="48" frameHeight="63"/>
	<SubTexture name="< bold0001" x="852" y="79" width="48" height="61" frameX="0" frameY="-2" frameWidth="48" frameHeight="63"/>
	<SubTexture name="< bold0002" x="902" y="79" width="48" height="62" frameX="0" frameY="0" frameWidth="48" frameHeight="63"/>
	<SubTexture name="< bold0003" x="902" y="79" width="48" height="62" frameX="0" frameY="0" frameWidth="48" frameHeight="63"/>
	<SubTexture name="=0000" x="619" y="511" width="39" height="29"/>
	<SubTexture name="=0001" x="619" y="511" width="39" height="29"/>
	<SubTexture name="=0002" x="660" y="511" width="39" height="29"/>
	<SubTexture name="=0003" x="660" y="511" width="39" height="29"/>
	<SubTexture name="= bold0000" x="952" y="79" width="48" height="37"/>
	<SubTexture name="= bold0001" x="952" y="79" width="48" height="37"/>
	<SubTexture name="= bold0002" x="4" y="147" width="48" height="37"/>
	<SubTexture name="= bold0003" x="4" y="147" width="48" height="37"/>
	<SubTexture name=">0000" x="701" y="511" width="38" height="61"/>
	<SubTexture name=">0001" x="701" y="511" width="38" height="61"/>
	<SubTexture name=">0002" x="741" y="511" width="38" height="61"/>
	<SubTexture name=">0003" x="741" y="511" width="38" height="61"/>
	<SubTexture name="> bold0000" x="54" y="147" width="48" height="61" frameX="-1" frameY="-2" frameWidth="49" frameHeight="63"/>
	<SubTexture name="> bold0001" x="54" y="147" width="48" height="61" frameX="-1" frameY="-2" frameWidth="49" frameHeight="63"/>
	<SubTexture name="> bold0002" x="104" y="147" width="49" height="62" frameX="0" frameY="0" frameWidth="49" frameHeight="63"/>
	<SubTexture name="> bold0003" x="104" y="147" width="49" height="62" frameX="0" frameY="0" frameWidth="49" frameHeight="63"/>
	<SubTexture name="@0000" x="781" y="511" width="51" height="56" frameX="0" frameY="0" frameWidth="52" frameHeight="56"/>
	<SubTexture name="@0001" x="781" y="511" width="51" height="56" frameX="0" frameY="0" frameWidth="52" frameHeight="56"/>
	<SubTexture name="@0002" x="834" y="511" width="52" height="56"/>
	<SubTexture name="@0003" x="834" y="511" width="52" height="56"/>
	<SubTexture name="@ bold0000" x="155" y="147" width="64" height="64"/>
	<SubTexture name="@ bold0001" x="155" y="147" width="64" height="64"/>
	<SubTexture name="@ bold0002" x="221" y="147" width="63" height="62" frameX="0" frameY="0" frameWidth="64" frameHeight="64"/>
	<SubTexture name="@ bold0003" x="221" y="147" width="63" height="62" frameX="0" frameY="0" frameWidth="64" frameHeight="64"/>
	<SubTexture name="A bold0000" x="286" y="147" width="54" height="67"/>
	<SubTexture name="A bold0001" x="286" y="147" width="54" height="67"/>
	<SubTexture name="A bold0002" x="342" y="147" width="54" height="67"/>
	<SubTexture name="A bold0003" x="342" y="147" width="54" height="67"/>
	<SubTexture name="A captial0000" x="888" y="511" width="45" height="59"/>
	<SubTexture name="A captial0001" x="888" y="511" width="45" height="59"/>
	<SubTexture name="A captial0002" x="935" y="511" width="45" height="59"/>
	<SubTexture name="A captial0003" x="935" y="511" width="45" height="59"/>
	<SubTexture name="B bold0000" x="398" y="147" width="46" height="70"/>
	<SubTexture name="B bold0001" x="398" y="147" width="46" height="70"/>
	<SubTexture name="B bold0002" x="446" y="147" width="46" height="70"/>
	<SubTexture name="B bold0003" x="446" y="147" width="46" height="70"/>
	<SubTexture name="B capital0000" x="982" y="511" width="38" height="59"/>
	<SubTexture name="B capital0001" x="982" y="511" width="38" height="59"/>
	<SubTexture name="B capital0002" x="4" y="574" width="38" height="59"/>
	<SubTexture name="B capital0003" x="4" y="574" width="38" height="59"/>
	<SubTexture name="C bold0000" x="494" y="147" width="55" height="66"/>
	<SubTexture name="C bold0001" x="494" y="147" width="55" height="66"/>
	<SubTexture name="C bold0002" x="551" y="147" width="54" height="65" frameX="0" frameY="-1" frameWidth="55" frameHeight="66"/>
	<SubTexture name="C bold0003" x="551" y="147" width="54" height="65" frameX="0" frameY="-1" frameWidth="55" frameHeight="66"/>
	<SubTexture name="C capital0000" x="44" y="574" width="45" height="57"/>
	<SubTexture name="C capital0001" x="44" y="574" width="45" height="57"/>
	<SubTexture name="C capital0002" x="91" y="574" width="45" height="57"/>
	<SubTexture name="C capital0003" x="91" y="574" width="45" height="57"/>
	<SubTexture name="D bold0000" x="607" y="147" width="53" height="67"/>
	<SubTexture name="D bold0001" x="607" y="147" width="53" height="67"/>
	<SubTexture name="D bold0002" x="662" y="147" width="53" height="67"/>
	<SubTexture name="D bold0003" x="662" y="147" width="53" height="67"/>
	<SubTexture name="D capital0000" x="138" y="574" width="48" height="56"/>
	<SubTexture name="D capital0001" x="138" y="574" width="48" height="56"/>
	<SubTexture name="D capital0002" x="188" y="574" width="48" height="56"/>
	<SubTexture name="D capital0003" x="188" y="574" width="48" height="56"/>
	<SubTexture name="E bold0000" x="717" y="147" width="43" height="66"/>
	<SubTexture name="E bold0001" x="717" y="147" width="43" height="66"/>
	<SubTexture name="E bold0002" x="762" y="147" width="43" height="66"/>
	<SubTexture name="E bold0003" x="762" y="147" width="43" height="66"/>
	<SubTexture name="E capital0000" x="238" y="574" width="34" height="53"/>
	<SubTexture name="E capital0001" x="238" y="574" width="34" height="53"/>
	<SubTexture name="E capital0002" x="274" y="574" width="34" height="53"/>
	<SubTexture name="E capital0003" x="274" y="574" width="34" height="53"/>
	<SubTexture name="F bold0000" x="807" y="147" width="43" height="67"/>
	<SubTexture name="F bold0001" x="807" y="147" width="43" height="67"/>
	<SubTexture name="F bold0002" x="852" y="147" width="43" height="67"/>
	<SubTexture name="F bold0003" x="852" y="147" width="43" height="67"/>
	<SubTexture name="F capital0000" x="310" y="574" width="36" height="51"/>
	<SubTexture name="F capital0001" x="310" y="574" width="36" height="51"/>
	<SubTexture name="F capital0002" x="348" y="574" width="36" height="51"/>
	<SubTexture name="F capital0003" x="348" y="574" width="36" height="51"/>
	<SubTexture name="G bold0000" x="897" y="147" width="54" height="70"/>
	<SubTexture name="G bold0001" x="897" y="147" width="54" height="70"/>
	<SubTexture name="G bold0002" x="953" y="147" width="54" height="70"/>
	<SubTexture name="G bold0003" x="953" y="147" width="54" height="70"/>
	<SubTexture name="G capital0000" x="386" y="574" width="43" height="55"/>
	<SubTexture name="G capital0001" x="386" y="574" width="43" height="55"/>
	<SubTexture name="G capital0002" x="431" y="574" width="43" height="55"/>
	<SubTexture name="G capital0003" x="431" y="574" width="43" height="55"/>
	<SubTexture name="H bold0000" x="4" y="219" width="45" height="66"/>
	<SubTexture name="H bold0001" x="4" y="219" width="45" height="66"/>
	<SubTexture name="H bold0002" x="51" y="219" width="44" height="66" frameX="0" frameY="0" frameWidth="45" frameHeight="66"/>
	<SubTexture name="H bold0003" x="51" y="219" width="44" height="66" frameX="0" frameY="0" frameWidth="45" frameHeight="66"/>
	<SubTexture name="H capital0000" x="476" y="574" width="32" height="53"/>
	<SubTexture name="H capital0001" x="476" y="574" width="32" height="53"/>
	<SubTexture name="H capital0002" x="510" y="574" width="32" height="52" frameX="0" frameY="0" frameWidth="32" frameHeight="53"/>
	<SubTexture name="H capital0003" x="510" y="574" width="32" height="52" frameX="0" frameY="0" frameWidth="32" frameHeight="53"/>
	<SubTexture name="I bold0000" x="97" y="219" width="43" height="64"/>
	<SubTexture name="I bold0001" x="97" y="219" width="43" height="64"/>
	<SubTexture name="I bold0002" x="142" y="219" width="43" height="64"/>
	<SubTexture name="I bold0003" x="142" y="219" width="43" height="64"/>
	<SubTexture name="I capital0000" x="544" y="574" width="36" height="52"/>
	<SubTexture name="I capital0001" x="544" y="574" width="36" height="52"/>
	<SubTexture name="I capital0002" x="582" y="574" width="36" height="52"/>
	<SubTexture name="I capital0003" x="582" y="574" width="36" height="52"/>
	<SubTexture name="J bold0000" x="187" y="219" width="54" height="70"/>
	<SubTexture name="J bold0001" x="187" y="219" width="54" height="70"/>
	<SubTexture name="J bold0002" x="243" y="219" width="54" height="70"/>
	<SubTexture name="J bold0003" x="243" y="219" width="54" height="70"/>
	<SubTexture name="J captial0000" x="620" y="574" width="39" height="54"/>
	<SubTexture name="J captial0001" x="620" y="574" width="39" height="54"/>
	<SubTexture name="J captial0002" x="661" y="574" width="39" height="54"/>
	<SubTexture name="J captial0003" x="661" y="574" width="39" height="54"/>
	<SubTexture name="K bold0000" x="299" y="219" width="44" height="69"/>
	<SubTexture name="K bold0001" x="299" y="219" width="44" height="69"/>
	<SubTexture name="K bold0002" x="345" y="219" width="44" height="69"/>
	<SubTexture name="K bold0003" x="345" y="219" width="44" height="69"/>
	<SubTexture name="K capital0000" x="702" y="574" width="35" height="52"/>
	<SubTexture name="K capital0001" x="702" y="574" width="35" height="52"/>
	<SubTexture name="K capital0002" x="739" y="574" width="35" height="52"/>
	<SubTexture name="K capital0003" x="739" y="574" width="35" height="52"/>
	<SubTexture name="L bold0000" x="391" y="219" width="41" height="66"/>
	<SubTexture name="L bold0001" x="391" y="219" width="41" height="66"/>
	<SubTexture name="L bold0002" x="434" y="219" width="41" height="66"/>
	<SubTexture name="L bold0003" x="434" y="219" width="41" height="66"/>
	<SubTexture name="L capital0000" x="776" y="574" width="34" height="53"/>
	<SubTexture name="L capital0001" x="776" y="574" width="34" height="53"/>
	<SubTexture name="L capital0002" x="812" y="574" width="34" height="53"/>
	<SubTexture name="L capital0003" x="812" y="574" width="34" height="53"/>
	<SubTexture name="M bold0000" x="477" y="219" width="56" height="63"/>
	<SubTexture name="M bold0001" x="477" y="219" width="56" height="63"/>
	<SubTexture name="M bold0002" x="535" y="219" width="56" height="63"/>
	<SubTexture name="M bold0003" x="535" y="219" width="56" height="63"/>
	<SubTexture name="M capital0000" x="848" y="574" width="44" height="50"/>
	<SubTexture name="M capital0001" x="848" y="574" width="44" height="50"/>
	<SubTexture name="M capital0002" x="894" y="574" width="44" height="50"/>
	<SubTexture name="M capital0003" x="894" y="574" width="44" height="50"/>
	<SubTexture name="N bold0000" x="593" y="219" width="45" height="65"/>
	<SubTexture name="N bold0001" x="593" y="219" width="45" height="65"/>
	<SubTexture name="N bold0002" x="640" y="219" width="45" height="65"/>
	<SubTexture name="N bold0003" x="640" y="219" width="45" height="65"/>
	<SubTexture name="N capital0000" x="940" y="574" width="32" height="50"/>
	<SubTexture name="N capital0001" x="940" y="574" width="32" height="50"/>
	<SubTexture name="N capital0002" x="974" y="574" width="32" height="50"/>
	<SubTexture name="N capital0003" x="974" y="574" width="32" height="50"/>
	<SubTexture name="O bold0000" x="687" y="219" width="50" height="69"/>
	<SubTexture name="O bold0001" x="687" y="219" width="50" height="69"/>
	<SubTexture name="O bold0002" x="739" y="219" width="50" height="69"/>
	<SubTexture name="O bold0003" x="739" y="219" width="50" height="69"/>
	<SubTexture name="O capital0000" x="4" y="635" width="40" height="54"/>
	<SubTexture name="O capital0001" x="4" y="635" width="40" height="54"/>
	<SubTexture name="O capital0002" x="46" y="635" width="40" height="54"/>
	<SubTexture name="O capital0003" x="46" y="635" width="40" height="54"/>
	<SubTexture name="P bold0000" x="791" y="219" width="46" height="70"/>
	<SubTexture name="P bold0001" x="791" y="219" width="46" height="70"/>
	<SubTexture name="P bold0002" x="839" y="219" width="46" height="70"/>
	<SubTexture name="P bold0003" x="839" y="219" width="46" height="70"/>
	<SubTexture name="P capital0000" x="88" y="635" width="35" height="51"/>
	<SubTexture name="P capital0001" x="88" y="635" width="35" height="51"/>
	<SubTexture name="P capital0002" x="125" y="635" width="35" height="51"/>
	<SubTexture name="P capital0003" x="125" y="635" width="35" height="51"/>
	<SubTexture name="Q bold0000" x="887" y="219" width="52" height="67"/>
	<SubTexture name="Q bold0001" x="887" y="219" width="52" height="67"/>
	<SubTexture name="Q bold0002" x="941" y="219" width="52" height="67"/>
	<SubTexture name="Q bold0003" x="941" y="219" width="52" height="67"/>
	<SubTexture name="Q capital0000" x="162" y="635" width="41" height="51"/>
	<SubTexture name="Q capital0001" x="162" y="635" width="41" height="51"/>
	<SubTexture name="Q capital0002" x="205" y="635" width="41" height="51"/>
	<SubTexture name="Q capital0003" x="205" y="635" width="41" height="51"/>
	<SubTexture name="R bold0000" x="4" y="291" width="47" height="66"/>
	<SubTexture name="R bold0001" x="4" y="291" width="47" height="66"/>
	<SubTexture name="R bold0002" x="53" y="291" width="47" height="66"/>
	<SubTexture name="R bold0003" x="53" y="291" width="47" height="66"/>
	<SubTexture name="R capital0000" x="248" y="635" width="40" height="55"/>
	<SubTexture name="R capital0001" x="248" y="635" width="40" height="55"/>
	<SubTexture name="R capital0002" x="290" y="635" width="40" height="55"/>
	<SubTexture name="R capital0003" x="290" y="635" width="40" height="55"/>
	<SubTexture name="S bold0000" x="102" y="291" width="49" height="66"/>
	<SubTexture name="S bold0001" x="102" y="291" width="49" height="66"/>
	<SubTexture name="S bold0002" x="153" y="291" width="49" height="66"/>
	<SubTexture name="S bold0003" x="153" y="291" width="49" height="66"/>
	<SubTexture name="S capital0000" x="332" y="635" width="38" height="55"/>
	<SubTexture name="S capital0001" x="332" y="635" width="38" height="55"/>
	<SubTexture name="S capital0002" x="372" y="635" width="38" height="55"/>
	<SubTexture name="S capital0003" x="372" y="635" width="38" height="55"/>
	<SubTexture name="T bold0000" x="204" y="291" width="44" height="64"/>
	<SubTexture name="T bold0001" x="204" y="291" width="44" height="64"/>
	<SubTexture name="T bold0002" x="250" y="291" width="44" height="64"/>
	<SubTexture name="T bold0003" x="250" y="291" width="44" height="64"/>
	<SubTexture name="T capital0000" x="412" y="635" width="42" height="50"/>
	<SubTexture name="T capital0001" x="412" y="635" width="42" height="50"/>
	<SubTexture name="T capital0002" x="456" y="635" width="42" height="50"/>
	<SubTexture name="T capital0003" x="456" y="635" width="42" height="50"/>
	<SubTexture name="U bold0000" x="296" y="291" width="44" height="59"/>
	<SubTexture name="U bold0001" x="296" y="291" width="44" height="59"/>
	<SubTexture name="U bold0002" x="342" y="291" width="44" height="59"/>
	<SubTexture name="U bold0003" x="342" y="291" width="44" height="59"/>
	<SubTexture name="U capital0000" x="500" y="635" width="38" height="49"/>
	<SubTexture name="U capital0001" x="500" y="635" width="38" height="49"/>
	<SubTexture name="U capital0002" x="540" y="635" width="38" height="49"/>
	<SubTexture name="U capital0003" x="540" y="635" width="38" height="49"/>
	<SubTexture name="V bold0000" x="388" y="291" width="54" height="66"/>
	<SubTexture name="V bold0001" x="388" y="291" width="54" height="66"/>
	<SubTexture name="V bold0002" x="444" y="291" width="54" height="66"/>
	<SubTexture name="V bold0003" x="444" y="291" width="54" height="66"/>
	<SubTexture name="V capital0000" x="580" y="635" width="40" height="48"/>
	<SubTexture name="V capital0001" x="580" y="635" width="40" height="48"/>
	<SubTexture name="V capital0002" x="622" y="635" width="40" height="48"/>
	<SubTexture name="V capital0003" x="622" y="635" width="40" height="48"/>
	<SubTexture name="W bold0000" x="500" y="291" width="58" height="63"/>
	<SubTexture name="W bold0001" x="500" y="291" width="58" height="63"/>
	<SubTexture name="W bold0002" x="560" y="291" width="58" height="63"/>
	<SubTexture name="W bold0003" x="560" y="291" width="58" height="63"/>
	<SubTexture name="W capital0000" x="664" y="635" width="46" height="51"/>
	<SubTexture name="W capital0001" x="664" y="635" width="46" height="51"/>
	<SubTexture name="W capital0002" x="712" y="635" width="46" height="51"/>
	<SubTexture name="W capital0003" x="712" y="635" width="46" height="51"/>
	<SubTexture name="X bold0000" x="620" y="291" width="55" height="67"/>
	<SubTexture name="X bold0001" x="620" y="291" width="55" height="67"/>
	<SubTexture name="X bold0002" x="677" y="291" width="55" height="67"/>
	<SubTexture name="X bold0003" x="677" y="291" width="55" height="67"/>
	<SubTexture name="X capital0000" x="760" y="635" width="41" height="53"/>
	<SubTexture name="X capital0001" x="760" y="635" width="41" height="53"/>
	<SubTexture name="X capital0002" x="803" y="635" width="41" height="53"/>
	<SubTexture name="X capital0003" x="803" y="635" width="41" height="53"/>
	<SubTexture name="Y bold0000" x="734" y="291" width="54" height="69"/>
	<SubTexture name="Y bold0001" x="734" y="291" width="54" height="69"/>
	<SubTexture name="Y bold0002" x="790" y="291" width="54" height="69"/>
	<SubTexture name="Y bold0003" x="790" y="291" width="54" height="69"/>
	<SubTexture name="Y capital0000" x="846" y="635" width="42" height="52"/>
	<SubTexture name="Y capital0001" x="846" y="635" width="42" height="52"/>
	<SubTexture name="Y capital0002" x="890" y="635" width="42" height="52"/>
	<SubTexture name="Y capital0003" x="890" y="635" width="42" height="52"/>
	<SubTexture name="Z bold0000" x="846" y="291" width="52" height="65"/>
	<SubTexture name="Z bold0001" x="846" y="291" width="52" height="65"/>
	<SubTexture name="Z bold0002" x="900" y="291" width="52" height="65"/>
	<SubTexture name="Z bold0003" x="900" y="291" width="52" height="65"/>
	<SubTexture name="Z capital0000" x="934" y="635" width="38" height="47"/>
	<SubTexture name="Z capital0001" x="934" y="635" width="38" height="47"/>
	<SubTexture name="Z capital0002" x="974" y="635" width="38" height="47"/>
	<SubTexture name="Z capital0003" x="974" y="635" width="38" height="47"/>
	<SubTexture name="[0000" x="4" y="692" width="25" height="61"/>
	<SubTexture name="[0001" x="4" y="692" width="25" height="61"/>
	<SubTexture name="[0002" x="31" y="692" width="24" height="61" frameX="0" frameY="0" frameWidth="25" frameHeight="61"/>
	<SubTexture name="[0003" x="31" y="692" width="24" height="61" frameX="0" frameY="0" frameWidth="25" frameHeight="61"/>
	<SubTexture name="[ bold0000" x="954" y="291" width="39" height="72" frameX="0" frameY="0" frameWidth="40" frameHeight="72"/>
	<SubTexture name="[ bold0001" x="954" y="291" width="39" height="72" frameX="0" frameY="0" frameWidth="40" frameHeight="72"/>
	<SubTexture name="[ bold0002" x="4" y="365" width="40" height="72"/>
	<SubTexture name="[ bold0003" x="4" y="365" width="40" height="72"/>
	<SubTexture name="\ copy0000" x="57" y="692" width="43" height="59"/>
	<SubTexture name="\ copy0001" x="57" y="692" width="43" height="59"/>
	<SubTexture name="\ copy0002" x="102" y="692" width="42" height="59" frameX="0" frameY="0" frameWidth="43" frameHeight="59"/>
	<SubTexture name="\ copy0003" x="102" y="692" width="42" height="59" frameX="0" frameY="0" frameWidth="43" frameHeight="59"/>
	<SubTexture name="]0000" x="146" y="692" width="25" height="63"/>
	<SubTexture name="]0001" x="146" y="692" width="25" height="63"/>
	<SubTexture name="]0002" x="173" y="692" width="25" height="63"/>
	<SubTexture name="]0003" x="173" y="692" width="25" height="63"/>
	<SubTexture name="] bold0000" x="46" y="365" width="39" height="72" frameX="-1" frameY="0" frameWidth="40" frameHeight="72"/>
	<SubTexture name="] bold0001" x="46" y="365" width="39" height="72" frameX="-1" frameY="0" frameWidth="40" frameHeight="72"/>
	<SubTexture name="] bold0002" x="87" y="365" width="39" height="72" frameX="0" frameY="0" frameWidth="40" frameHeight="72"/>
	<SubTexture name="] bold0003" x="87" y="365" width="39" height="72" frameX="0" frameY="0" frameWidth="40" frameHeight="72"/>
	<SubTexture name="^0000" x="200" y="692" width="32" height="27"/>
	<SubTexture name="^0001" x="200" y="692" width="32" height="27"/>
	<SubTexture name="^0002" x="234" y="692" width="32" height="27"/>
	<SubTexture name="^0003" x="234" y="692" width="32" height="27"/>
	<SubTexture name="^ bold0000" x="128" y="365" width="40" height="36" frameX="-1" frameY="0" frameWidth="42" frameHeight="38"/>
	<SubTexture name="^ bold0001" x="128" y="365" width="40" height="36" frameX="-1" frameY="0" frameWidth="42" frameHeight="38"/>
	<SubTexture name="^ bold0002" x="170" y="365" width="42" height="38"/>
	<SubTexture name="^ bold0003" x="170" y="365" width="42" height="38"/>
	<SubTexture name="_0000" x="268" y="692" width="53" height="13"/>
	<SubTexture name="_0001" x="268" y="692" width="53" height="13"/>
	<SubTexture name="_0002" x="323" y="692" width="53" height="13"/>
	<SubTexture name="_0003" x="323" y="692" width="53" height="13"/>
	<SubTexture name="a lowercase0000" x="378" y="692" width="36" height="38"/>
	<SubTexture name="a lowercase0001" x="378" y="692" width="36" height="38"/>
	<SubTexture name="a lowercase0002" x="416" y="692" width="36" height="38"/>
	<SubTexture name="a lowercase0003" x="416" y="692" width="36" height="38"/>
	<SubTexture name="angry faic0000" x="454" y="692" width="54" height="54"/>
	<SubTexture name="angry faic0001" x="454" y="692" width="54" height="54"/>
	<SubTexture name="angry faic0002" x="510" y="692" width="54" height="54"/>
	<SubTexture name="angry faic0003" x="510" y="692" width="54" height="54"/>
	<SubTexture name="apostraphie0000" x="566" y="692" width="17" height="27"/>
	<SubTexture name="apostraphie0001" x="566" y="692" width="17" height="27"/>
	<SubTexture name="apostraphie0002" x="585" y="692" width="17" height="27"/>
	<SubTexture name="apostraphie0003" x="585" y="692" width="17" height="27"/>
	<SubTexture name="apostraphie bold0000" x="214" y="365" width="26" height="36" frameX="-1" frameY="0" frameWidth="28" frameHeight="37"/>
	<SubTexture name="apostraphie bold0001" x="214" y="365" width="26" height="36" frameX="-1" frameY="0" frameWidth="28" frameHeight="37"/>
	<SubTexture name="apostraphie bold0002" x="242" y="365" width="28" height="37"/>
	<SubTexture name="apostraphie bold0003" x="242" y="365" width="28" height="37"/>
	<SubTexture name="b  lowercase0000" x="604" y="692" width="31" height="50"/>
	<SubTexture name="b  lowercase0001" x="604" y="692" width="31" height="50"/>
	<SubTexture name="b  lowercase0002" x="637" y="692" width="31" height="50"/>
	<SubTexture name="b  lowercase0003" x="637" y="692" width="31" height="50"/>
	<SubTexture name="c  lowercase0000" x="670" y="692" width="33" height="33"/>
	<SubTexture name="c  lowercase0001" x="670" y="692" width="33" height="33"/>
	<SubTexture name="c  lowercase0002" x="705" y="692" width="32" height="33" frameX="0" frameY="0" frameWidth="33" frameHeight="33"/>
	<SubTexture name="c  lowercase0003" x="705" y="692" width="32" height="33" frameX="0" frameY="0" frameWidth="33" frameHeight="33"/>
	<SubTexture name="comma0000" x="739" y="692" width="19" height="23"/>
	<SubTexture name="comma0001" x="739" y="692" width="19" height="23"/>
	<SubTexture name="comma0002" x="760" y="692" width="19" height="23"/>
	<SubTexture name="comma0003" x="760" y="692" width="19" height="23"/>
	<SubTexture name="comma bold0000" x="272" y="365" width="28" height="29"/>
	<SubTexture name="comma bold0001" x="272" y="365" width="28" height="29"/>
	<SubTexture name="comma bold0002" x="302" y="365" width="28" height="28" frameX="0" frameY="-1" frameWidth="28" frameHeight="29"/>
	<SubTexture name="comma bold0003" x="302" y="365" width="28" height="28" frameX="0" frameY="-1" frameWidth="28" frameHeight="29"/>
	<SubTexture name="d  lowercase0000" x="781" y="692" width="32" height="53"/>
	<SubTexture name="d  lowercase0001" x="781" y="692" width="32" height="53"/>
	<SubTexture name="d  lowercase0002" x="815" y="692" width="32" height="53"/>
	<SubTexture name="d  lowercase0003" x="815" y="692" width="32" height="53"/>
	<SubTexture name="down arrow0000" x="849" y="692" width="39" height="44"/>
	<SubTexture name="down arrow0001" x="849" y="692" width="39" height="44"/>
	<SubTexture name="down arrow0002" x="890" y="692" width="38" height="44" frameX="0" frameY="0" frameWidth="39" frameHeight="44"/>
	<SubTexture name="down arrow0003" x="890" y="692" width="38" height="44" frameX="0" frameY="0" frameWidth="39" frameHeight="44"/>
	<SubTexture name="e  lowercase0000" x="930" y="692" width="33" height="37"/>
	<SubTexture name="e  lowercase0001" x="930" y="692" width="33" height="37"/>
	<SubTexture name="e  lowercase0002" x="965" y="692" width="33" height="37"/>
	<SubTexture name="e  lowercase0003" x="965" y="692" width="33" height="37"/>
	<SubTexture name="end parentheses0000" x="4" y="757" width="28" height="36"/>
	<SubTexture name="end parentheses0001" x="4" y="757" width="28" height="36"/>
	<SubTexture name="end parentheses0002" x="34" y="757" width="28" height="36"/>
	<SubTexture name="end parentheses0003" x="34" y="757" width="28" height="36"/>
	<SubTexture name="end parentheses bold0000" x="332" y="365" width="40" height="42" frameX="0" frameY="-1" frameWidth="40" frameHeight="44"/>
	<SubTexture name="end parentheses bold0001" x="332" y="365" width="40" height="42" frameX="0" frameY="-1" frameWidth="40" frameHeight="44"/>
	<SubTexture name="end parentheses bold0002" x="374" y="365" width="39" height="44" frameX="-1" frameY="0" frameWidth="40" frameHeight="44"/>
	<SubTexture name="end parentheses bold0003" x="374" y="365" width="39" height="44" frameX="-1" frameY="0" frameWidth="40" frameHeight="44"/>
	<SubTexture name="exclamation point0000" x="64" y="757" width="17" height="64"/>
	<SubTexture name="exclamation point0001" x="64" y="757" width="17" height="64"/>
	<SubTexture name="exclamation point0002" x="83" y="757" width="16" height="64" frameX="0" frameY="0" frameWidth="17" frameHeight="64"/>
	<SubTexture name="exclamation point0003" x="83" y="757" width="16" height="64" frameX="0" frameY="0" frameWidth="17" frameHeight="64"/>
	<SubTexture name="exclamation point bold0000" x="415" y="365" width="27" height="72" frameX="0" frameY="-1" frameWidth="27" frameHeight="73"/>
	<SubTexture name="exclamation point bold0001" x="415" y="365" width="27" height="72" frameX="0" frameY="-1" frameWidth="27" frameHeight="73"/>
	<SubTexture name="exclamation point bold0002" x="444" y="365" width="27" height="73"/>
	<SubTexture name="exclamation point bold0003" x="444" y="365" width="27" height="73"/>
	<SubTexture name="f  lowercase0000" x="101" y="757" width="27" height="48"/>
	<SubTexture name="f  lowercase0001" x="101" y="757" width="27" height="48"/>
	<SubTexture name="f  lowercase0002" x="130" y="757" width="27" height="48"/>
	<SubTexture name="f  lowercase0003" x="130" y="757" width="27" height="48"/>
	<SubTexture name="forward slash0000" x="159" y="757" width="46" height="58"/>
	<SubTexture name="forward slash0001" x="159" y="757" width="46" height="58"/>
	<SubTexture name="forward slash0002" x="207" y="757" width="46" height="58"/>
	<SubTexture name="forward slash0003" x="207" y="757" width="46" height="58"/>
	<SubTexture name="forward slash bold0000" x="473" y="365" width="54" height="66" frameX="-1" frameY="0" frameWidth="55" frameHeight="67"/>
	<SubTexture name="forward slash bold0001" x="473" y="365" width="54" height="66" frameX="-1" frameY="0" frameWidth="55" frameHeight="67"/>
	<SubTexture name="forward slash bold0002" x="529" y="365" width="54" height="66" frameX="0" frameY="-1" frameWidth="55" frameHeight="67"/>
	<SubTexture name="forward slash bold0003" x="529" y="365" width="54" height="66" frameX="0" frameY="-1" frameWidth="55" frameHeight="67"/>
	<SubTexture name="g  lowercase0000" x="255" y="757" width="33" height="41"/>
	<SubTexture name="g  lowercase0001" x="255" y="757" width="33" height="41"/>
	<SubTexture name="g  lowercase0002" x="290" y="757" width="33" height="41"/>
	<SubTexture name="g  lowercase0003" x="290" y="757" width="33" height="41"/>
	<SubTexture name="h  lowercase0000" x="325" y="757" width="29" height="48"/>
	<SubTexture name="h  lowercase0001" x="325" y="757" width="29" height="48"/>
	<SubTexture name="h  lowercase0002" x="356" y="757" width="29" height="48"/>
	<SubTexture name="h  lowercase0003" x="356" y="757" width="29" height="48"/>
	<SubTexture name="heart0000" x="387" y="757" width="43" height="41"/>
	<SubTexture name="heart0001" x="387" y="757" width="43" height="41"/>
	<SubTexture name="heart0002" x="432" y="757" width="43" height="41"/>
	<SubTexture name="heart0003" x="432" y="757" width="43" height="41"/>
	<SubTexture name="i  lowercase0000" x="477" y="757" width="13" height="42"/>
	<SubTexture name="i  lowercase0001" x="477" y="757" width="13" height="42"/>
	<SubTexture name="i  lowercase0002" x="492" y="757" width="13" height="42"/>
	<SubTexture name="i  lowercase0003" x="492" y="757" width="13" height="42"/>
	<SubTexture name="j  lowercase0000" x="507" y="757" width="28" height="48"/>
	<SubTexture name="j  lowercase0001" x="507" y="757" width="28" height="48"/>
	<SubTexture name="j  lowercase0002" x="537" y="757" width="28" height="48"/>
	<SubTexture name="j  lowercase0003" x="537" y="757" width="28" height="48"/>
	<SubTexture name="k  lowercase0000" x="567" y="757" width="35" height="48"/>
	<SubTexture name="k  lowercase0001" x="567" y="757" width="35" height="48"/>
	<SubTexture name="k  lowercase0002" x="604" y="757" width="35" height="48"/>
	<SubTexture name="k  lowercase0003" x="604" y="757" width="35" height="48"/>
	<SubTexture name="l  lowercase0000" x="641" y="757" width="10" height="48"/>
	<SubTexture name="l  lowercase0001" x="641" y="757" width="10" height="48"/>
	<SubTexture name="l  lowercase0002" x="653" y="757" width="10" height="48"/>
	<SubTexture name="l  lowercase0003" x="653" y="757" width="10" height="48"/>
	<SubTexture name="left arrow0000" x="665" y="757" width="41" height="39"/>
	<SubTexture name="left arrow0001" x="665" y="757" width="41" height="39"/>
	<SubTexture name="left arrow0002" x="708" y="757" width="41" height="39"/>
	<SubTexture name="left arrow0003" x="708" y="757" width="41" height="39"/>
	<SubTexture name="m  lowercase0000" x="751" y="757" width="41" height="27"/>
	<SubTexture name="m  lowercase0001" x="751" y="757" width="41" height="27"/>
	<SubTexture name="m  lowercase0002" x="794" y="757" width="41" height="27"/>
	<SubTexture name="m  lowercase0003" x="794" y="757" width="41" height="27"/>
	<SubTexture name="multiply x0000" x="837" y="757" width="34" height="32"/>
	<SubTexture name="multiply x0001" x="837" y="757" width="34" height="32"/>
	<SubTexture name="multiply x0002" x="873" y="757" width="34" height="32"/>
	<SubTexture name="multiply x0003" x="873" y="757" width="34" height="32"/>
	<SubTexture name="n lowercase0000" x="909" y="757" width="27" height="30"/>
	<SubTexture name="n lowercase0001" x="909" y="757" width="27" height="30"/>
	<SubTexture name="n lowercase0002" x="938" y="757" width="27" height="30"/>
	<SubTexture name="n lowercase0003" x="938" y="757" width="27" height="30"/>
	<SubTexture name="o  lowercase0000" x="967" y="757" width="30" height="32"/>
	<SubTexture name="o  lowercase0001" x="967" y="757" width="30" height="32"/>
	<SubTexture name="o  lowercase0002" x="4" y="823" width="30" height="32"/>
	<SubTexture name="o  lowercase0003" x="4" y="823" width="30" height="32"/>
	<SubTexture name="p  lowercase0000" x="36" y="823" width="28" height="43"/>
	<SubTexture name="p  lowercase0001" x="36" y="823" width="28" height="43"/>
	<SubTexture name="p  lowercase0002" x="66" y="823" width="28" height="43"/>
	<SubTexture name="p  lowercase0003" x="66" y="823" width="28" height="43"/>
	<SubTexture name="period0000" x="96" y="823" width="14" height="14"/>
	<SubTexture name="period0001" x="96" y="823" width="14" height="14"/>
	<SubTexture name="period0002" x="112" y="823" width="14" height="14"/>
	<SubTexture name="period0003" x="112" y="823" width="14" height="14"/>
	<SubTexture name="period bold0000" x="585" y="365" width="22" height="20" frameX="0" frameY="0" frameWidth="22" frameHeight="21"/>
	<SubTexture name="period bold0001" x="585" y="365" width="22" height="20" frameX="0" frameY="0" frameWidth="22" frameHeight="21"/>
	<SubTexture name="period bold0002" x="609" y="365" width="20" height="21" frameX="-2" frameY="0" frameWidth="22" frameHeight="21"/>
	<SubTexture name="period bold0003" x="609" y="365" width="20" height="21" frameX="-2" frameY="0" frameWidth="22" frameHeight="21"/>
	<SubTexture name="q  lowercase0000" x="128" y="823" width="36" height="43"/>
	<SubTexture name="q  lowercase0001" x="128" y="823" width="36" height="43"/>
	<SubTexture name="q  lowercase0002" x="166" y="823" width="36" height="43"/>
	<SubTexture name="q  lowercase0003" x="166" y="823" width="36" height="43"/>
	<SubTexture name="question mark0000" x="204" y="823" width="39" height="65"/>
	<SubTexture name="question mark0001" x="204" y="823" width="39" height="65"/>
	<SubTexture name="question mark0002" x="245" y="823" width="39" height="65"/>
	<SubTexture name="question mark0003" x="245" y="823" width="39" height="65"/>
	<SubTexture name="question mark bold0000" x="631" y="365" width="48" height="71" frameX="0" frameY="0" frameWidth="48" frameHeight="72"/>
	<SubTexture name="question mark bold0001" x="631" y="365" width="48" height="71" frameX="0" frameY="0" frameWidth="48" frameHeight="72"/>
	<SubTexture name="question mark bold0002" x="681" y="365" width="47" height="72" frameX="-1" frameY="0" frameWidth="48" frameHeight="72"/>
	<SubTexture name="question mark bold0003" x="681" y="365" width="47" height="72" frameX="-1" frameY="0" frameWidth="48" frameHeight="72"/>
	<SubTexture name="r  lowercase0000" x="286" y="823" width="24" height="29"/>
	<SubTexture name="r  lowercase0001" x="286" y="823" width="24" height="29"/>
	<SubTexture name="r  lowercase0002" x="312" y="823" width="24" height="29"/>
	<SubTexture name="r  lowercase0003" x="312" y="823" width="24" height="29"/>
	<SubTexture name="right arrow0000" x="338" y="823" width="40" height="36"/>
	<SubTexture name="right arrow0001" x="338" y="823" width="40" height="36"/>
	<SubTexture name="right arrow0002" x="380" y="823" width="40" height="36"/>
	<SubTexture name="right arrow0003" x="380" y="823" width="40" height="36"/>
	<SubTexture name="right arrow bold0000" x="730" y="365" width="52" height="41" frameX="0" frameY="-1" frameWidth="52" frameHeight="42"/>
	<SubTexture name="right arrow bold0001" x="730" y="365" width="52" height="41" frameX="0" frameY="-1" frameWidth="52" frameHeight="42"/>
	<SubTexture name="right arrow bold0002" x="784" y="365" width="51" height="42" frameX="-1" frameY="0" frameWidth="52" frameHeight="42"/>
	<SubTexture name="right arrow bold0003" x="784" y="365" width="51" height="42" frameX="-1" frameY="0" frameWidth="52" frameHeight="42"/>
	<SubTexture name="s  lowercase0000" x="422" y="823" width="27" height="35"/>
	<SubTexture name="s  lowercase0001" x="422" y="823" width="27" height="35"/>
	<SubTexture name="s  lowercase0002" x="451" y="823" width="27" height="35"/>
	<SubTexture name="s  lowercase0003" x="451" y="823" width="27" height="35"/>
	<SubTexture name="start parentheses0000" x="480" y="823" width="31" height="33"/>
	<SubTexture name="start parentheses0001" x="480" y="823" width="31" height="33"/>
	<SubTexture name="start parentheses0002" x="513" y="823" width="31" height="32" frameX="0" frameY="0" frameWidth="31" frameHeight="33"/>
	<SubTexture name="start parentheses0003" x="513" y="823" width="31" height="32" frameX="0" frameY="0" frameWidth="31" frameHeight="33"/>
	<SubTexture name="start parentheses bold0000" x="837" y="365" width="40" height="42" frameX="0" frameY="-1" frameWidth="40" frameHeight="44"/>
	<SubTexture name="start parentheses bold0001" x="837" y="365" width="40" height="42" frameX="0" frameY="-1" frameWidth="40" frameHeight="44"/>
	<SubTexture name="start parentheses bold0002" x="879" y="365" width="39" height="44" frameX="-1" frameY="0" frameWidth="40" frameHeight="44"/>
	<SubTexture name="start parentheses bold0003" x="879" y="365" width="39" height="44" frameX="-1" frameY="0" frameWidth="40" frameHeight="44"/>
	<SubTexture name="t  lowercase0000" x="546" y="823" width="28" height="48"/>
	<SubTexture name="t  lowercase0001" x="546" y="823" width="28" height="48"/>
	<SubTexture name="t  lowercase0002" x="576" y="823" width="28" height="48"/>
	<SubTexture name="t  lowercase0003" x="576" y="823" width="28" height="48"/>
	<SubTexture name="u  lowercase0000" x="606" y="823" width="31" height="33"/>
	<SubTexture name="u  lowercase0001" x="606" y="823" width="31" height="33"/>
	<SubTexture name="u  lowercase0002" x="639" y="823" width="31" height="33"/>
	<SubTexture name="u  lowercase0003" x="639" y="823" width="31" height="33"/>
	<SubTexture name="up arrow0000" x="672" y="823" width="36" height="42"/>
	<SubTexture name="up arrow0001" x="672" y="823" width="36" height="42"/>
	<SubTexture name="up arrow0002" x="710" y="823" width="36" height="42"/>
	<SubTexture name="up arrow0003" x="710" y="823" width="36" height="42"/>
	<SubTexture name="v  lowercase0000" x="748" y="823" width="32" height="31"/>
	<SubTexture name="v  lowercase0001" x="748" y="823" width="32" height="31"/>
	<SubTexture name="v  lowercase0002" x="782" y="823" width="31" height="31" frameX="0" frameY="0" frameWidth="32" frameHeight="31"/>
	<SubTexture name="v  lowercase0003" x="782" y="823" width="31" height="31" frameX="0" frameY="0" frameWidth="32" frameHeight="31"/>
	<SubTexture name="w  lowercase0000" x="815" y="823" width="42" height="31"/>
	<SubTexture name="w  lowercase0001" x="815" y="823" width="42" height="31"/>
	<SubTexture name="w  lowercase0002" x="859" y="823" width="42" height="31"/>
	<SubTexture name="w  lowercase0003" x="859" y="823" width="42" height="31"/>
	<SubTexture name="x  lowercase0000" x="903" y="823" width="33" height="33"/>
	<SubTexture name="x  lowercase0001" x="903" y="823" width="33" height="33"/>
	<SubTexture name="x  lowercase0002" x="938" y="823" width="33" height="33"/>
	<SubTexture name="x  lowercase0003" x="938" y="823" width="33" height="33"/>
	<SubTexture name="y  lowercase0000" x="973" y="823" width="35" height="42"/>
	<SubTexture name="y  lowercase0001" x="973" y="823" width="35" height="42"/>
	<SubTexture name="y  lowercase0002" x="4" y="890" width="35" height="42"/>
	<SubTexture name="y  lowercase0003" x="4" y="890" width="35" height="42"/>
	<SubTexture name="z  lowercase0000" x="41" y="890" width="38" height="31"/>
	<SubTexture name="z  lowercase0001" x="41" y="890" width="38" height="31"/>
	<SubTexture name="z  lowercase0002" x="81" y="890" width="37" height="31" frameX="0" frameY="0" frameWidth="38" frameHeight="31"/>
	<SubTexture name="z  lowercase0003" x="81" y="890" width="37" height="31" frameX="0" frameY="0" frameWidth="38" frameHeight="31"/>
	<SubTexture name="|0000" x="120" y="890" width="11" height="70"/>
	<SubTexture name="|0001" x="120" y="890" width="11" height="70"/>
	<SubTexture name="|0002" x="133" y="890" width="11" height="69" frameX="0" frameY="0" frameWidth="11" frameHeight="70"/>
	<SubTexture name="|0003" x="133" y="890" width="11" height="69" frameX="0" frameY="0" frameWidth="11" frameHeight="70"/>
	<SubTexture name="| bold0000" x="920" y="365" width="21" height="78" frameX="0" frameY="-1" frameWidth="21" frameHeight="79"/>
	<SubTexture name="| bold0001" x="920" y="365" width="21" height="78" frameX="0" frameY="-1" frameWidth="21" frameHeight="79"/>
	<SubTexture name="| bold0002" x="943" y="365" width="20" height="78" frameX="-1" frameY="0" frameWidth="21" frameHeight="79"/>
	<SubTexture name="| bold0003" x="943" y="365" width="20" height="78" frameX="-1" frameY="0" frameWidth="21" frameHeight="79"/>
	<SubTexture name="~0000" x="146" y="890" width="43" height="21"/>
	<SubTexture name="~0001" x="146" y="890" width="43" height="21"/>
	<SubTexture name="~0002" x="191" y="890" width="43" height="21"/>
	<SubTexture name="~0003" x="191" y="890" width="43" height="21"/>
	<SubTexture name="~ bold0000" x="965" y="365" width="54" height="28" frameX="0" frameY="-1" frameWidth="54" frameHeight="29"/>
	<SubTexture name="~ bold0001" x="965" y="365" width="54" height="28" frameX="0" frameY="-1" frameWidth="54" frameHeight="29"/>
	<SubTexture name="~ bold0002" x="4" y="445" width="54" height="29"/>
	<SubTexture name="~ bold0003" x="4" y="445" width="54" height="29"/>
</TextureAtlas>