﻿<?xml version="1.0" encoding="utf-8"?>
<TextureAtlas imagePath="bfCatchesGF.png">
	<!-- Created with Adobe Animate version 21.0.0.35450 -->
	<!-- http://www.adobe.com/products/animate.html -->
	<SubTexture name="BF catches GF0000" x="598" y="0" width="579" height="507" frameX="-40" frameY="-96" frameWidth="634" frameHeight="603"/>
	<SubTexture name="BF catches GF0001" x="0" y="0" width="594" height="504" frameX="-40" frameY="-99" frameWidth="634" frameHeight="603"/>
	<SubTexture name="BF catches GF0002" x="0" y="508" width="588" height="462" frameX="-30" frameY="-96" frameWidth="634" frameHeight="603"/>
	<SubTexture name="BF catches GF0003" x="0" y="508" width="588" height="462" frameX="-30" frameY="-96" frameWidth="634" frameHeight="603"/>
	<SubTexture name="BF catches GF0004" x="2771" y="522" width="583" height="464" frameX="-30" frameY="-98" frameWidth="634" frameHeight="603"/>
	<SubTexture name="BF catches GF0005" x="1121" y="526" width="580" height="462" frameX="-30" frameY="-100" frameWidth="634" frameHeight="603"/>
	<SubTexture name="BF catches GF0006" x="0" y="974" width="578" height="461" frameX="-30" frameY="-101" frameWidth="634" frameHeight="603"/>
	<SubTexture name="BF catches GF0007" x="0" y="974" width="578" height="461" frameX="-30" frameY="-101" frameWidth="634" frameHeight="603"/>
	<SubTexture name="BF catches GF0008" x="2244" y="990" width="578" height="461" frameX="-30" frameY="-101" frameWidth="634" frameHeight="603"/>
	<SubTexture name="BF catches GF0009" x="2244" y="990" width="578" height="461" frameX="-30" frameY="-101" frameWidth="634" frameHeight="603"/>
	<SubTexture name="BF catches GF0010" x="2244" y="990" width="578" height="461" frameX="-30" frameY="-101" frameWidth="634" frameHeight="603"/>
	<SubTexture name="BF catches GF0011" x="2244" y="990" width="578" height="461" frameX="-30" frameY="-101" frameWidth="634" frameHeight="603"/>
	<SubTexture name="BF catches GF0012" x="1121" y="992" width="529" height="483" frameX="-1" frameY="-39" frameWidth="634" frameHeight="603"/>
	<SubTexture name="BF catches GF0013" x="1711" y="525" width="529" height="509" frameX="-1" frameY="-13" frameWidth="634" frameHeight="603"/>
	<SubTexture name="BF catches GF0014" x="2826" y="990" width="523" height="509" frameX="0" frameY="-13" frameWidth="634" frameHeight="603"/>
	<SubTexture name="BF catches GF0015" x="3358" y="522" width="523" height="516" frameX="0" frameY="-6" frameWidth="634" frameHeight="603"/>
	<SubTexture name="BF catches GF0016" x="592" y="511" width="525" height="516" frameX="0" frameY="-6" frameWidth="634" frameHeight="603"/>
	<SubTexture name="BF catches GF0017" x="3301" y="0" width="525" height="518" frameX="0" frameY="-4" frameWidth="634" frameHeight="603"/>
	<SubTexture name="BF catches GF0018" x="2771" y="0" width="526" height="518" frameX="0" frameY="-4" frameWidth="634" frameHeight="603"/>
	<SubTexture name="BF catches GF0019" x="1181" y="0" width="526" height="522" frameX="0" frameY="0" frameWidth="634" frameHeight="603"/>
	<SubTexture name="BF catches GF0020" x="1181" y="0" width="526" height="522" frameX="0" frameY="0" frameWidth="634" frameHeight="603"/>
	<SubTexture name="BF catches GF0021" x="1711" y="0" width="526" height="521" frameX="0" frameY="-1" frameWidth="634" frameHeight="603"/>
	<SubTexture name="BF catches GF0022" x="1711" y="0" width="526" height="521" frameX="0" frameY="-1" frameWidth="634" frameHeight="603"/>
	<SubTexture name="BF catches GF0023" x="2241" y="0" width="526" height="520" frameX="0" frameY="-2" frameWidth="634" frameHeight="603"/>
</TextureAtlas>
