﻿<?xml version="1.0" encoding="utf-8"?>
<TextureAtlas imagePath="gfHoldup-3.png">
	<!-- Created with Adobe Animate version 21.0.0.35450 -->
	<!-- http://www.adobe.com/products/animate.html -->
	<SubTexture name="PICO ARRIVES PART 2 POINT FIVE instance 10000" x="5036" y="0" width="2578" height="1144" frameX="0" frameY="0" frameWidth="2578" frameHeight="1199"/>
	<SubTexture name="PICO ARRIVES PART 2 POINT FIVE instance 10001" x="2549" y="0" width="2483" height="1192" frameX="-95" frameY="0" frameWidth="2578" frameHeight="1199"/>
	<SubTexture name="PICO ARRIVES PART 2 POINT FIVE instance 10002" x="5036" y="1148" width="2538" height="1162" frameX="-40" frameY="-33" frameWidth="2578" frameHeight="1199"/>
	<SubTexture name="PICO ARRIVES PART 2 POINT FIVE instance 10003" x="0" y="0" width="2545" height="1165" frameX="-33" frameY="-33" frameWidth="2578" frameHeight="1199"/>
	<SubTexture name="PICO ARRIVES PART 2 POINT FIVE instance 10004" x="0" y="1196" width="2546" height="1097" frameX="-32" frameY="-102" frameWidth="2578" frameHeight="1199"/>
	<SubTexture name="PICO ARRIVES PART 2 POINT FIVE instance 10005" x="0" y="2297" width="2546" height="1097" frameX="-32" frameY="-102" frameWidth="2578" frameHeight="1199"/>
	<SubTexture name="PICO ARRIVES PART 2 POINT FIVE instance 10006" x="2550" y="2314" width="2546" height="1089" frameX="-32" frameY="-110" frameWidth="2578" frameHeight="1199"/>
	<SubTexture name="PICO ARRIVES PART 2 POINT FIVE instance 10007" x="2550" y="2314" width="2546" height="1089" frameX="-32" frameY="-110" frameWidth="2578" frameHeight="1199"/>
	<SubTexture name="PICO ARRIVES PART 2 POINT FIVE instance 10008" x="5100" y="2314" width="2546" height="1070" frameX="-32" frameY="-129" frameWidth="2578" frameHeight="1199"/>
	<SubTexture name="PICO ARRIVES PART 2 POINT FIVE instance 10009" x="5100" y="2314" width="2546" height="1070" frameX="-32" frameY="-129" frameWidth="2578" frameHeight="1199"/>
	<SubTexture name="PICO ARRIVES PART 2 POINT FIVE instance 10010" x="5100" y="3388" width="2546" height="1038" frameX="-32" frameY="-161" frameWidth="2578" frameHeight="1199"/>
	<SubTexture name="PICO ARRIVES PART 2 POINT FIVE instance 10011" x="5100" y="3388" width="2546" height="1038" frameX="-32" frameY="-161" frameWidth="2578" frameHeight="1199"/>
	<SubTexture name="PICO ARRIVES PART 2 POINT FIVE instance 10012" x="0" y="3398" width="2546" height="993" frameX="-32" frameY="-206" frameWidth="2578" frameHeight="1199"/>
	<SubTexture name="PICO ARRIVES PART 2 POINT FIVE instance 10013" x="0" y="3398" width="2546" height="993" frameX="-32" frameY="-206" frameWidth="2578" frameHeight="1199"/>
	<SubTexture name="PICO ARRIVES PART 2 POINT FIVE instance 10014" x="2550" y="3407" width="2546" height="993" frameX="-32" frameY="-206" frameWidth="2578" frameHeight="1199"/>
	<SubTexture name="PICO ARRIVES PART 2 POINT FIVE instance 10015" x="2550" y="3407" width="2546" height="993" frameX="-32" frameY="-206" frameWidth="2578" frameHeight="1199"/>
	<SubTexture name="PICO ARRIVES PART 2 POINT FIVE instance 10016" x="0" y="4395" width="2546" height="993" frameX="-32" frameY="-206" frameWidth="2578" frameHeight="1199"/>
	<SubTexture name="PICO ARRIVES PART 2 POINT FIVE instance 10017" x="2550" y="4404" width="2546" height="993" frameX="-32" frameY="-206" frameWidth="2578" frameHeight="1199"/>
</TextureAtlas>
