﻿<?xml version="1.0" encoding="utf-8"?>
<TextureAtlas imagePath="gfHoldup-2.png">
	<!-- Created with Adobe Animate version 21.0.0.35450 -->
	<!-- http://www.adobe.com/products/animate.html -->
	<SubTexture name="PICO ARRIVES PART 1 instance 10000" x="1267" y="2403" width="900" height="843" frameX="-119" frameY="0" frameWidth="1953" frameHeight="991"/>
	<SubTexture name="PICO ARRIVES PART 1 instance 10001" x="2171" y="2403" width="900" height="843" frameX="-119" frameY="0" frameWidth="1953" frameHeight="991"/>
	<SubTexture name="PICO ARRIVES PART 1 instance 10002" x="0" y="3160" width="920" height="817" frameX="-115" frameY="-26" frameWidth="1953" frameHeight="991"/>
	<SubTexture name="PICO ARRIVES PART 1 instance 10003" x="5973" y="3160" width="920" height="817" frameX="-115" frameY="-26" frameWidth="1953" frameHeight="991"/>
	<SubTexture name="PICO ARRIVES PART 1 instance 10004" x="0" y="2403" width="1263" height="753" frameX="-70" frameY="-149" frameWidth="1953" frameHeight="991"/>
	<SubTexture name="PICO ARRIVES PART 1 instance 10005" x="5973" y="2401" width="1338" height="755" frameX="-70" frameY="-236" frameWidth="1953" frameHeight="991"/>
	<SubTexture name="PICO ARRIVES PART 1 instance 10006" x="4603" y="2401" width="1366" height="784" frameX="-75" frameY="-207" frameWidth="1953" frameHeight="991"/>
	<SubTexture name="PICO ARRIVES PART 1 instance 10007" x="3095" y="1619" width="1543" height="777" frameX="-75" frameY="-207" frameWidth="1953" frameHeight="991"/>
	<SubTexture name="PICO ARRIVES PART 1 instance 10008" x="1550" y="1618" width="1541" height="781" frameX="-77" frameY="-203" frameWidth="1953" frameHeight="991"/>
	<SubTexture name="PICO ARRIVES PART 1 instance 10009" x="3095" y="2400" width="1504" height="781" frameX="-77" frameY="-203" frameWidth="1953" frameHeight="991"/>
	<SubTexture name="PICO ARRIVES PART 1 instance 10010" x="0" y="1618" width="1546" height="781" frameX="-77" frameY="-203" frameWidth="1953" frameHeight="991"/>
	<SubTexture name="PICO ARRIVES PART 1 instance 10011" x="5628" y="1600" width="1546" height="797" frameX="-77" frameY="-187" frameWidth="1953" frameHeight="991"/>
	<SubTexture name="PICO ARRIVES PART 1 instance 10012" x="5628" y="810" width="1719" height="786" frameX="-77" frameY="-198" frameWidth="1953" frameHeight="991"/>
	<SubTexture name="PICO ARRIVES PART 1 instance 10013" x="3828" y="809" width="1796" height="806" frameX="0" frameY="-178" frameWidth="1953" frameHeight="991"/>
	<SubTexture name="PICO ARRIVES PART 1 instance 10014" x="5828" y="0" width="1914" height="806" frameX="0" frameY="-178" frameWidth="1953" frameHeight="991"/>
	<SubTexture name="PICO ARRIVES PART 1 instance 10015" x="1920" y="809" width="1904" height="805" frameX="-10" frameY="-179" frameWidth="1953" frameHeight="991"/>
	<SubTexture name="PICO ARRIVES PART 1 instance 10016" x="0" y="809" width="1916" height="805" frameX="-10" frameY="-179" frameWidth="1953" frameHeight="991"/>
	<SubTexture name="PICO ARRIVES PART 1 instance 10017" x="0" y="809" width="1916" height="805" frameX="-10" frameY="-179" frameWidth="1953" frameHeight="991"/>
	<SubTexture name="PICO ARRIVES PART 1 instance 10018" x="3890" y="0" width="1934" height="805" frameX="-10" frameY="-179" frameWidth="1953" frameHeight="991"/>
	<SubTexture name="PICO ARRIVES PART 1 instance 10019" x="3890" y="0" width="1934" height="805" frameX="-10" frameY="-179" frameWidth="1953" frameHeight="991"/>
	<SubTexture name="PICO ARRIVES PART 1 instance 10020" x="1947" y="0" width="1939" height="805" frameX="-10" frameY="-179" frameWidth="1953" frameHeight="991"/>
	<SubTexture name="PICO ARRIVES PART 1 instance 10021" x="1947" y="0" width="1939" height="805" frameX="-10" frameY="-179" frameWidth="1953" frameHeight="991"/>
	<SubTexture name="PICO ARRIVES PART 1 instance 10022" x="0" y="0" width="1943" height="805" frameX="-10" frameY="-179" frameWidth="1953" frameHeight="991"/>
	<SubTexture name="PICO ARRIVES PART 1 instance 10023" x="0" y="0" width="1943" height="805" frameX="-10" frameY="-179" frameWidth="1953" frameHeight="991"/>
</TextureAtlas>
