﻿<?xml version="1.0" encoding="utf-8"?>
<TextureAtlas imagePath="gfHoldup-2.png">
	<!-- Created with Adobe Animate version 21.0.0.35450 -->
	<!-- http://www.adobe.com/products/animate.html -->
	<SubTexture name="PICO ARRIVES PART 2 instance 10000" x="5844" y="2727" width="1936" height="805" frameX="-597" frameY="-251" frameWidth="2533" frameHeight="1056"/>
	<SubTexture name="PICO ARRIVES PART 2 instance 10001" x="5844" y="2727" width="1936" height="805" frameX="-597" frameY="-251" frameWidth="2533" frameHeight="1056"/>
	<SubTexture name="PICO ARRIVES PART 2 instance 10002" x="2477" y="1060" width="1947" height="805" frameX="-586" frameY="-251" frameWidth="2533" frameHeight="1056"/>
	<SubTexture name="PICO ARRIVES PART 2 instance 10003" x="2477" y="1869" width="1947" height="805" frameX="-586" frameY="-251" frameWidth="2533" frameHeight="1056"/>
	<SubTexture name="PICO ARRIVES PART 2 instance 10004" x="0" y="2711" width="1944" height="805" frameX="-589" frameY="-251" frameWidth="2533" frameHeight="1056"/>
	<SubTexture name="PICO ARRIVES PART 2 instance 10005" x="0" y="1902" width="1945" height="805" frameX="-588" frameY="-251" frameWidth="2533" frameHeight="1056"/>
	<SubTexture name="PICO ARRIVES PART 2 instance 10006" x="3898" y="2727" width="1942" height="805" frameX="-591" frameY="-251" frameWidth="2533" frameHeight="1056"/>
	<SubTexture name="PICO ARRIVES PART 2 instance 10007" x="4428" y="1918" width="1945" height="805" frameX="-588" frameY="-251" frameWidth="2533" frameHeight="1056"/>
	<SubTexture name="PICO ARRIVES PART 2 instance 10008" x="0" y="2711" width="1944" height="805" frameX="-589" frameY="-251" frameWidth="2533" frameHeight="1056"/>
	<SubTexture name="PICO ARRIVES PART 2 instance 10009" x="1949" y="2678" width="1945" height="805" frameX="-588" frameY="-251" frameWidth="2533" frameHeight="1056"/>
	<SubTexture name="PICO ARRIVES PART 2 instance 10010" x="0" y="1060" width="2473" height="838" frameX="-60" frameY="-218" frameWidth="2533" frameHeight="1056"/>
	<SubTexture name="PICO ARRIVES PART 2 instance 10011" x="5074" y="959" width="2473" height="955" frameX="-60" frameY="-101" frameWidth="2533" frameHeight="1056"/>
	<SubTexture name="PICO ARRIVES PART 2 instance 10012" x="5074" y="0" width="2487" height="955" frameX="-46" frameY="-101" frameWidth="2533" frameHeight="1056"/>
	<SubTexture name="PICO ARRIVES PART 2 instance 10013" x="0" y="0" width="2533" height="1056"/>
	<SubTexture name="PICO ARRIVES PART 2 instance 10014" x="2537" y="0" width="2533" height="1056"/>
</TextureAtlas>
