﻿<?xml version="1.0" encoding="utf-8"?>
<TextureAtlas imagePath="gfHoldup-0.png">
	<!-- Created with Adobe Animate version 21.0.0.35450 -->
	<!-- http://www.adobe.com/products/animate.html -->
	<SubTexture name="GF STARTS TO TURN PART 1 instance 10000" x="3663" y="2044" width="910" height="674" frameX="-4" frameY="-3" frameWidth="918" frameHeight="680"/>
	<SubTexture name="GF STARTS TO TURN PART 1 instance 10001" x="4577" y="2044" width="910" height="674" frameX="-4" frameY="-3" frameWidth="918" frameHeight="680"/>
	<SubTexture name="GF STARTS TO TURN PART 1 instance 10002" x="6415" y="1364" width="911" height="674" frameX="-3" frameY="-3" frameWidth="918" frameHeight="680"/>
	<SubTexture name="GF STARTS TO TURN PART 1 instance 10003" x="6415" y="2042" width="911" height="674" frameX="-3" frameY="-3" frameWidth="918" frameHeight="680"/>
	<SubTexture name="GF STARTS TO TURN PART 1 instance 10004" x="2748" y="2043" width="911" height="674" frameX="-3" frameY="-3" frameWidth="918" frameHeight="680"/>
	<SubTexture name="GF STARTS TO TURN PART 1 instance 10005" x="0" y="2044" width="911" height="674" frameX="-3" frameY="-3" frameWidth="918" frameHeight="680"/>
	<SubTexture name="GF STARTS TO TURN PART 1 instance 10006" x="915" y="2044" width="911" height="674" frameX="-3" frameY="-3" frameWidth="918" frameHeight="680"/>
	<SubTexture name="GF STARTS TO TURN PART 1 instance 10007" x="1830" y="2044" width="911" height="674" frameX="-3" frameY="-3" frameWidth="918" frameHeight="680"/>
	<SubTexture name="GF STARTS TO TURN PART 1 instance 10008" x="5500" y="1364" width="911" height="676" frameX="-3" frameY="-2" frameWidth="918" frameHeight="680"/>
	<SubTexture name="GF STARTS TO TURN PART 1 instance 10009" x="1836" y="684" width="912" height="676" frameX="-3" frameY="-2" frameWidth="918" frameHeight="680"/>
	<SubTexture name="GF STARTS TO TURN PART 1 instance 10010" x="2752" y="1363" width="912" height="676" frameX="-3" frameY="-2" frameWidth="918" frameHeight="680"/>
	<SubTexture name="GF STARTS TO TURN PART 1 instance 10011" x="0" y="1364" width="912" height="676" frameX="-3" frameY="-2" frameWidth="918" frameHeight="680"/>
	<SubTexture name="GF STARTS TO TURN PART 1 instance 10012" x="916" y="1364" width="912" height="676" frameX="-3" frameY="-2" frameWidth="918" frameHeight="680"/>
	<SubTexture name="GF STARTS TO TURN PART 1 instance 10013" x="1832" y="1364" width="912" height="676" frameX="-3" frameY="-2" frameWidth="918" frameHeight="680"/>
	<SubTexture name="GF STARTS TO TURN PART 1 instance 10014" x="3668" y="1364" width="912" height="676" frameX="-3" frameY="-2" frameWidth="918" frameHeight="680"/>
	<SubTexture name="GF STARTS TO TURN PART 1 instance 10015" x="4584" y="1364" width="912" height="676" frameX="-3" frameY="-2" frameWidth="918" frameHeight="680"/>
	<SubTexture name="GF STARTS TO TURN PART 1 instance 10016" x="2764" y="683" width="914" height="676" frameX="-2" frameY="-2" frameWidth="918" frameHeight="680"/>
	<SubTexture name="GF STARTS TO TURN PART 1 instance 10017" x="0" y="684" width="914" height="676" frameX="-2" frameY="-2" frameWidth="918" frameHeight="680"/>
	<SubTexture name="GF STARTS TO TURN PART 1 instance 10018" x="918" y="684" width="914" height="676" frameX="-2" frameY="-2" frameWidth="918" frameHeight="680"/>
	<SubTexture name="GF STARTS TO TURN PART 1 instance 10019" x="3684" y="682" width="914" height="678" frameX="-2" frameY="-1" frameWidth="918" frameHeight="680"/>
	<SubTexture name="GF STARTS TO TURN PART 1 instance 10020" x="4602" y="682" width="914" height="678" frameX="-2" frameY="-1" frameWidth="918" frameHeight="680"/>
	<SubTexture name="GF STARTS TO TURN PART 1 instance 10021" x="5520" y="682" width="914" height="678" frameX="-2" frameY="-1" frameWidth="918" frameHeight="680"/>
	<SubTexture name="GF STARTS TO TURN PART 1 instance 10022" x="6438" y="682" width="914" height="678" frameX="-2" frameY="-1" frameWidth="918" frameHeight="680"/>
	<SubTexture name="GF STARTS TO TURN PART 1 instance 10023" x="3684" y="0" width="916" height="678" frameX="-1" frameY="-1" frameWidth="918" frameHeight="680"/>
	<SubTexture name="GF STARTS TO TURN PART 1 instance 10024" x="4604" y="0" width="916" height="678" frameX="-1" frameY="-1" frameWidth="918" frameHeight="680"/>
	<SubTexture name="GF STARTS TO TURN PART 1 instance 10025" x="5524" y="0" width="916" height="678" frameX="-1" frameY="-1" frameWidth="918" frameHeight="680"/>
	<SubTexture name="GF STARTS TO TURN PART 1 instance 10026" x="2764" y="0" width="916" height="679" frameX="-1" frameY="-1" frameWidth="918" frameHeight="680"/>
	<SubTexture name="GF STARTS TO TURN PART 1 instance 10027" x="6444" y="0" width="916" height="678" frameX="-1" frameY="-1" frameWidth="918" frameHeight="680"/>
	<SubTexture name="GF STARTS TO TURN PART 1 instance 10028" x="1844" y="0" width="916" height="680" frameX="-1" frameY="0" frameWidth="918" frameHeight="680"/>
	<SubTexture name="GF STARTS TO TURN PART 1 instance 10029" x="0" y="0" width="918" height="680"/>
	<SubTexture name="GF STARTS TO TURN PART 1 instance 10030" x="922" y="0" width="918" height="680"/>
</TextureAtlas>
