﻿<?xml version="1.0" encoding="utf-8"?>
<TextureAtlas imagePath="gfHoldup-6.png">
	<!-- Created with Adobe Animate version 21.0.0.35450 -->
	<!-- http://www.adobe.com/products/animate.html -->
	<SubTexture name="Pico Dual Wield on Speaker idle instance 10000" x="0" y="1325" width="700" height="650" frameX="0" frameY="-12" frameWidth="700" frameHeight="662"/>
	<SubTexture name="Pico Dual Wield on Speaker idle instance 10001" x="0" y="1325" width="700" height="650" frameX="0" frameY="-12" frameWidth="700" frameHeight="662"/>
	<SubTexture name="Pico Dual Wield on Speaker idle instance 10002" x="0" y="666" width="700" height="655" frameX="0" frameY="-7" frameWidth="700" frameHeight="662"/>
	<SubTexture name="Pico Dual Wield on Speaker idle instance 10003" x="0" y="666" width="700" height="655" frameX="0" frameY="-7" frameWidth="700" frameHeight="662"/>
	<SubTexture name="Pico Dual Wield on Speaker idle instance 10004" x="704" y="665" width="700" height="656" frameX="0" frameY="-6" frameWidth="700" frameHeight="662"/>
	<SubTexture name="Pico Dual Wield on Speaker idle instance 10005" x="704" y="665" width="700" height="656" frameX="0" frameY="-6" frameWidth="700" frameHeight="662"/>
	<SubTexture name="Pico Dual Wield on Speaker idle instance 10006" x="704" y="0" width="700" height="661" frameX="0" frameY="-1" frameWidth="700" frameHeight="662"/>
	<SubTexture name="Pico Dual Wield on Speaker idle instance 10007" x="704" y="0" width="700" height="661" frameX="0" frameY="-1" frameWidth="700" frameHeight="662"/>
	<SubTexture name="Pico Dual Wield on Speaker idle instance 10008" x="0" y="0" width="700" height="662"/>
	<SubTexture name="Pico Dual Wield on Speaker idle instance 10009" x="0" y="0" width="700" height="662"/>
	<SubTexture name="Pico Dual Wield on Speaker idle instance 10010" x="0" y="0" width="700" height="662"/>
	<SubTexture name="Pico Dual Wield on Speaker idle instance 10011" x="0" y="0" width="700" height="662"/>
	<SubTexture name="Pico Dual Wield on Speaker idle instance 10012" x="0" y="0" width="700" height="662"/>
	<SubTexture name="Pico Dual Wield on Speaker idle instance 10013" x="0" y="0" width="700" height="662"/>
</TextureAtlas>
