﻿<?xml version="1.0" encoding="utf-8"?>
<TextureAtlas imagePath="tankTalkSong3-pt1.png">
	<!-- Created with Adobe Animate version 21.0.0.35450 -->
	<!-- http://www.adobe.com/products/animate.html -->
	<SubTexture name="TANK TALK 3 P1 UNCUT0000" x="4512" y="5120" width="427" height="573" frameX="-96" frameY="-33" frameWidth="616" frameHeight="610"/>
	<SubTexture name="TANK TALK 3 P1 UNCUT0001" x="4512" y="5120" width="427" height="573" frameX="-96" frameY="-33" frameWidth="616" frameHeight="610"/>
	<SubTexture name="TANK TALK 3 P1 UNCUT0002" x="4512" y="5120" width="427" height="573" frameX="-96" frameY="-33" frameWidth="616" frameHeight="610"/>
	<SubTexture name="TANK TALK 3 P1 UNCUT0003" x="4512" y="5120" width="427" height="573" frameX="-96" frameY="-33" frameWidth="616" frameHeight="610"/>
	<SubTexture name="TANK TALK 3 P1 UNCUT0004" x="4512" y="5120" width="427" height="573" frameX="-96" frameY="-33" frameWidth="616" frameHeight="610"/>
	<SubTexture name="TANK TALK 3 P1 UNCUT0005" x="4512" y="5120" width="427" height="573" frameX="-96" frameY="-33" frameWidth="616" frameHeight="610"/>
	<SubTexture name="TANK TALK 3 P1 UNCUT0006" x="4512" y="5120" width="427" height="573" frameX="-96" frameY="-33" frameWidth="616" frameHeight="610"/>
	<SubTexture name="TANK TALK 3 P1 UNCUT0007" x="3290" y="5696" width="427" height="573" frameX="-96" frameY="-33" frameWidth="616" frameHeight="610"/>
	<SubTexture name="TANK TALK 3 P1 UNCUT0008" x="2920" y="4616" width="434" height="573" frameX="-89" frameY="-33" frameWidth="616" frameHeight="610"/>
	<SubTexture name="TANK TALK 3 P1 UNCUT0009" x="1457" y="5187" width="434" height="573" frameX="-89" frameY="-33" frameWidth="616" frameHeight="610"/>
	<SubTexture name="TANK TALK 3 P1 UNCUT0010" x="482" y="5758" width="434" height="573" frameX="-89" frameY="-33" frameWidth="616" frameHeight="610"/>
	<SubTexture name="TANK TALK 3 P1 UNCUT0011" x="4065" y="4580" width="443" height="573" frameX="-80" frameY="-33" frameWidth="616" frameHeight="610"/>
	<SubTexture name="TANK TALK 3 P1 UNCUT0012" x="4065" y="4580" width="443" height="573" frameX="-80" frameY="-33" frameWidth="616" frameHeight="610"/>
	<SubTexture name="TANK TALK 3 P1 UNCUT0013" x="0" y="2308" width="520" height="573" frameX="-3" frameY="-33" frameWidth="616" frameHeight="610"/>
	<SubTexture name="TANK TALK 3 P1 UNCUT0014" x="0" y="2308" width="520" height="573" frameX="-3" frameY="-33" frameWidth="616" frameHeight="610"/>
	<SubTexture name="TANK TALK 3 P1 UNCUT0015" x="0" y="0" width="528" height="573" frameX="0" frameY="-33" frameWidth="616" frameHeight="610"/>
	<SubTexture name="TANK TALK 3 P1 UNCUT0016" x="532" y="0" width="528" height="573" frameX="0" frameY="-33" frameWidth="616" frameHeight="610"/>
	<SubTexture name="TANK TALK 3 P1 UNCUT0017" x="524" y="2308" width="516" height="573" frameX="-6" frameY="-33" frameWidth="616" frameHeight="610"/>
	<SubTexture name="TANK TALK 3 P1 UNCUT0018" x="524" y="2308" width="516" height="573" frameX="-6" frameY="-33" frameWidth="616" frameHeight="610"/>
	<SubTexture name="TANK TALK 3 P1 UNCUT0019" x="2534" y="4039" width="489" height="573" frameX="-38" frameY="-33" frameWidth="616" frameHeight="610"/>
	<SubTexture name="TANK TALK 3 P1 UNCUT0020" x="2534" y="4039" width="489" height="573" frameX="-38" frameY="-33" frameWidth="616" frameHeight="610"/>
	<SubTexture name="TANK TALK 3 P1 UNCUT0021" x="6435" y="0" width="408" height="573" frameX="-120" frameY="-33" frameWidth="616" frameHeight="610"/>
	<SubTexture name="TANK TALK 3 P1 UNCUT0022" x="6435" y="0" width="408" height="573" frameX="-120" frameY="-33" frameWidth="616" frameHeight="610"/>
	<SubTexture name="TANK TALK 3 P1 UNCUT0023" x="5556" y="3839" width="408" height="573" frameX="-120" frameY="-33" frameWidth="616" frameHeight="610"/>
	<SubTexture name="TANK TALK 3 P1 UNCUT0024" x="5442" y="4416" width="408" height="573" frameX="-120" frameY="-33" frameWidth="616" frameHeight="610"/>
	<SubTexture name="TANK TALK 3 P1 UNCUT0025" x="5799" y="4993" width="408" height="573" frameX="-120" frameY="-33" frameWidth="616" frameHeight="610"/>
	<SubTexture name="TANK TALK 3 P1 UNCUT0026" x="5799" y="4993" width="408" height="573" frameX="-120" frameY="-33" frameWidth="616" frameHeight="610"/>
	<SubTexture name="TANK TALK 3 P1 UNCUT0027" x="5986" y="3259" width="408" height="573" frameX="-120" frameY="-33" frameWidth="616" frameHeight="610"/>
	<SubTexture name="TANK TALK 3 P1 UNCUT0028" x="5986" y="3259" width="408" height="573" frameX="-120" frameY="-33" frameWidth="616" frameHeight="610"/>
	<SubTexture name="TANK TALK 3 P1 UNCUT0029" x="5986" y="3259" width="408" height="573" frameX="-120" frameY="-33" frameWidth="616" frameHeight="610"/>
	<SubTexture name="TANK TALK 3 P1 UNCUT0030" x="6005" y="1729" width="408" height="573" frameX="-120" frameY="-33" frameWidth="616" frameHeight="610"/>
	<SubTexture name="TANK TALK 3 P1 UNCUT0031" x="6005" y="1729" width="408" height="573" frameX="-120" frameY="-33" frameWidth="616" frameHeight="610"/>
	<SubTexture name="TANK TALK 3 P1 UNCUT0032" x="5997" y="2306" width="408" height="573" frameX="-120" frameY="-33" frameWidth="616" frameHeight="610"/>
	<SubTexture name="TANK TALK 3 P1 UNCUT0033" x="5997" y="2306" width="408" height="573" frameX="-120" frameY="-33" frameWidth="616" frameHeight="610"/>
	<SubTexture name="TANK TALK 3 P1 UNCUT0034" x="5986" y="3836" width="408" height="573" frameX="-120" frameY="-33" frameWidth="616" frameHeight="610"/>
	<SubTexture name="TANK TALK 3 P1 UNCUT0035" x="5968" y="4413" width="408" height="573" frameX="-120" frameY="-33" frameWidth="616" frameHeight="610"/>
	<SubTexture name="TANK TALK 3 P1 UNCUT0036" x="5968" y="4413" width="408" height="573" frameX="-120" frameY="-33" frameWidth="616" frameHeight="610"/>
	<SubTexture name="TANK TALK 3 P1 UNCUT0037" x="5799" y="5570" width="408" height="573" frameX="-120" frameY="-33" frameWidth="616" frameHeight="610"/>
	<SubTexture name="TANK TALK 3 P1 UNCUT0038" x="4149" y="5697" width="408" height="573" frameX="-120" frameY="-33" frameWidth="616" frameHeight="610"/>
	<SubTexture name="TANK TALK 3 P1 UNCUT0039" x="4149" y="5697" width="408" height="573" frameX="-120" frameY="-33" frameWidth="616" frameHeight="610"/>
	<SubTexture name="TANK TALK 3 P1 UNCUT0040" x="3135" y="6273" width="408" height="573" frameX="-120" frameY="-33" frameWidth="616" frameHeight="610"/>
	<SubTexture name="TANK TALK 3 P1 UNCUT0041" x="2707" y="6837" width="408" height="573" frameX="-120" frameY="-33" frameWidth="616" frameHeight="610"/>
	<SubTexture name="TANK TALK 3 P1 UNCUT0042" x="1753" y="6844" width="408" height="573" frameX="-120" frameY="-33" frameWidth="616" frameHeight="610"/>
	<SubTexture name="TANK TALK 3 P1 UNCUT0043" x="860" y="7415" width="408" height="573" frameX="-120" frameY="-33" frameWidth="616" frameHeight="610"/>
	<SubTexture name="TANK TALK 3 P1 UNCUT0044" x="428" y="7489" width="408" height="573" frameX="-120" frameY="-33" frameWidth="616" frameHeight="610"/>
	<SubTexture name="TANK TALK 3 P1 UNCUT0045" x="1272" y="7415" width="408" height="573" frameX="-120" frameY="-33" frameWidth="616" frameHeight="610"/>
	<SubTexture name="TANK TALK 3 P1 UNCUT0046" x="2165" y="6844" width="408" height="573" frameX="-120" frameY="-33" frameWidth="616" frameHeight="610"/>
	<SubTexture name="TANK TALK 3 P1 UNCUT0047" x="1064" y="0" width="528" height="573" frameX="0" frameY="-33" frameWidth="616" frameHeight="610"/>
	<SubTexture name="TANK TALK 3 P1 UNCUT0048" x="1064" y="0" width="528" height="573" frameX="0" frameY="-33" frameWidth="616" frameHeight="610"/>
	<SubTexture name="TANK TALK 3 P1 UNCUT0049" x="0" y="577" width="525" height="573" frameX="-3" frameY="-33" frameWidth="616" frameHeight="610"/>
	<SubTexture name="TANK TALK 3 P1 UNCUT0050" x="529" y="577" width="525" height="573" frameX="-3" frameY="-33" frameWidth="616" frameHeight="610"/>
	<SubTexture name="TANK TALK 3 P1 UNCUT0051" x="529" y="577" width="525" height="573" frameX="-3" frameY="-33" frameWidth="616" frameHeight="610"/>
	<SubTexture name="TANK TALK 3 P1 UNCUT0052" x="0" y="577" width="525" height="573" frameX="-3" frameY="-33" frameWidth="616" frameHeight="610"/>
	<SubTexture name="TANK TALK 3 P1 UNCUT0053" x="0" y="577" width="525" height="573" frameX="-3" frameY="-33" frameWidth="616" frameHeight="610"/>
	<SubTexture name="TANK TALK 3 P1 UNCUT0054" x="1058" y="583" width="525" height="573" frameX="-3" frameY="-33" frameWidth="616" frameHeight="610"/>
	<SubTexture name="TANK TALK 3 P1 UNCUT0055" x="1058" y="583" width="525" height="573" frameX="-3" frameY="-33" frameWidth="616" frameHeight="610"/>
	<SubTexture name="TANK TALK 3 P1 UNCUT0056" x="0" y="1154" width="525" height="573" frameX="-3" frameY="-33" frameWidth="616" frameHeight="610"/>
	<SubTexture name="TANK TALK 3 P1 UNCUT0057" x="0" y="1154" width="525" height="573" frameX="-3" frameY="-33" frameWidth="616" frameHeight="610"/>
	<SubTexture name="TANK TALK 3 P1 UNCUT0058" x="0" y="1154" width="525" height="573" frameX="-3" frameY="-33" frameWidth="616" frameHeight="610"/>
	<SubTexture name="TANK TALK 3 P1 UNCUT0059" x="0" y="1154" width="525" height="573" frameX="-3" frameY="-33" frameWidth="616" frameHeight="610"/>
	<SubTexture name="TANK TALK 3 P1 UNCUT0060" x="0" y="1154" width="525" height="573" frameX="-3" frameY="-33" frameWidth="616" frameHeight="610"/>
	<SubTexture name="TANK TALK 3 P1 UNCUT0061" x="0" y="1154" width="525" height="573" frameX="-3" frameY="-33" frameWidth="616" frameHeight="610"/>
	<SubTexture name="TANK TALK 3 P1 UNCUT0062" x="0" y="1154" width="525" height="573" frameX="-3" frameY="-33" frameWidth="616" frameHeight="610"/>
	<SubTexture name="TANK TALK 3 P1 UNCUT0063" x="0" y="1154" width="525" height="573" frameX="-3" frameY="-33" frameWidth="616" frameHeight="610"/>
	<SubTexture name="TANK TALK 3 P1 UNCUT0064" x="0" y="1154" width="525" height="573" frameX="-3" frameY="-33" frameWidth="616" frameHeight="610"/>
	<SubTexture name="TANK TALK 3 P1 UNCUT0065" x="0" y="1154" width="525" height="573" frameX="-3" frameY="-33" frameWidth="616" frameHeight="610"/>
	<SubTexture name="TANK TALK 3 P1 UNCUT0066" x="0" y="1154" width="525" height="573" frameX="-3" frameY="-33" frameWidth="616" frameHeight="610"/>
	<SubTexture name="TANK TALK 3 P1 UNCUT0067" x="529" y="1154" width="525" height="573" frameX="-3" frameY="-33" frameWidth="616" frameHeight="610"/>
	<SubTexture name="TANK TALK 3 P1 UNCUT0068" x="1058" y="1160" width="525" height="573" frameX="-3" frameY="-33" frameWidth="616" frameHeight="610"/>
	<SubTexture name="TANK TALK 3 P1 UNCUT0069" x="1058" y="1160" width="525" height="573" frameX="-3" frameY="-33" frameWidth="616" frameHeight="610"/>
	<SubTexture name="TANK TALK 3 P1 UNCUT0070" x="0" y="1731" width="525" height="573" frameX="-3" frameY="-33" frameWidth="616" frameHeight="610"/>
	<SubTexture name="TANK TALK 3 P1 UNCUT0071" x="0" y="1731" width="525" height="573" frameX="-3" frameY="-33" frameWidth="616" frameHeight="610"/>
	<SubTexture name="TANK TALK 3 P1 UNCUT0072" x="0" y="1731" width="525" height="573" frameX="-3" frameY="-33" frameWidth="616" frameHeight="610"/>
	<SubTexture name="TANK TALK 3 P1 UNCUT0073" x="0" y="1731" width="525" height="573" frameX="-3" frameY="-33" frameWidth="616" frameHeight="610"/>
	<SubTexture name="TANK TALK 3 P1 UNCUT0074" x="0" y="1731" width="525" height="573" frameX="-3" frameY="-33" frameWidth="616" frameHeight="610"/>
	<SubTexture name="TANK TALK 3 P1 UNCUT0075" x="529" y="1731" width="522" height="573" frameX="-6" frameY="-33" frameWidth="616" frameHeight="610"/>
	<SubTexture name="TANK TALK 3 P1 UNCUT0076" x="1055" y="1737" width="522" height="573" frameX="-6" frameY="-33" frameWidth="616" frameHeight="610"/>
	<SubTexture name="TANK TALK 3 P1 UNCUT0077" x="4065" y="4003" width="475" height="573" frameX="-53" frameY="-33" frameWidth="616" frameHeight="610"/>
	<SubTexture name="TANK TALK 3 P1 UNCUT0078" x="4544" y="4003" width="475" height="573" frameX="-53" frameY="-33" frameWidth="616" frameHeight="610"/>
	<SubTexture name="TANK TALK 3 P1 UNCUT0079" x="4126" y="2308" width="477" height="573" frameX="-51" frameY="-33" frameWidth="616" frameHeight="610"/>
	<SubTexture name="TANK TALK 3 P1 UNCUT0080" x="4126" y="2308" width="477" height="573" frameX="-51" frameY="-33" frameWidth="616" frameHeight="610"/>
	<SubTexture name="TANK TALK 3 P1 UNCUT0081" x="1483" y="4610" width="478" height="573" frameX="-50" frameY="-33" frameWidth="616" frameHeight="610"/>
	<SubTexture name="TANK TALK 3 P1 UNCUT0082" x="493" y="5181" width="478" height="573" frameX="-50" frameY="-33" frameWidth="616" frameHeight="610"/>
	<SubTexture name="TANK TALK 3 P1 UNCUT0083" x="493" y="5181" width="478" height="573" frameX="-50" frameY="-33" frameWidth="616" frameHeight="610"/>
	<SubTexture name="TANK TALK 3 P1 UNCUT0084" x="0" y="5187" width="478" height="573" frameX="-50" frameY="-33" frameWidth="616" frameHeight="610"/>
	<SubTexture name="TANK TALK 3 P1 UNCUT0085" x="0" y="5187" width="478" height="573" frameX="-50" frameY="-33" frameWidth="616" frameHeight="610"/>
	<SubTexture name="TANK TALK 3 P1 UNCUT0086" x="975" y="5181" width="478" height="573" frameX="-50" frameY="-33" frameWidth="616" frameHeight="610"/>
	<SubTexture name="TANK TALK 3 P1 UNCUT0087" x="975" y="5181" width="478" height="573" frameX="-50" frameY="-33" frameWidth="616" frameHeight="610"/>
	<SubTexture name="TANK TALK 3 P1 UNCUT0088" x="1965" y="4603" width="478" height="573" frameX="-50" frameY="-33" frameWidth="616" frameHeight="610"/>
	<SubTexture name="TANK TALK 3 P1 UNCUT0089" x="1965" y="4603" width="478" height="573" frameX="-50" frameY="-33" frameWidth="616" frameHeight="610"/>
	<SubTexture name="TANK TALK 3 P1 UNCUT0090" x="3027" y="4039" width="478" height="573" frameX="-50" frameY="-33" frameWidth="616" frameHeight="610"/>
	<SubTexture name="TANK TALK 3 P1 UNCUT0091" x="3027" y="4039" width="478" height="573" frameX="-50" frameY="-33" frameWidth="616" frameHeight="610"/>
	<SubTexture name="TANK TALK 3 P1 UNCUT0092" x="4065" y="3426" width="478" height="573" frameX="-50" frameY="-33" frameWidth="616" frameHeight="610"/>
	<SubTexture name="TANK TALK 3 P1 UNCUT0093" x="4065" y="3426" width="478" height="573" frameX="-50" frameY="-33" frameWidth="616" frameHeight="610"/>
	<SubTexture name="TANK TALK 3 P1 UNCUT0094" x="4138" y="0" width="478" height="573" frameX="-50" frameY="-33" frameWidth="616" frameHeight="610"/>
	<SubTexture name="TANK TALK 3 P1 UNCUT0095" x="4138" y="577" width="478" height="573" frameX="-50" frameY="-33" frameWidth="616" frameHeight="610"/>
	<SubTexture name="TANK TALK 3 P1 UNCUT0096" x="4138" y="1154" width="478" height="573" frameX="-50" frameY="-33" frameWidth="616" frameHeight="610"/>
	<SubTexture name="TANK TALK 3 P1 UNCUT0097" x="4138" y="1154" width="478" height="573" frameX="-50" frameY="-33" frameWidth="616" frameHeight="610"/>
	<SubTexture name="TANK TALK 3 P1 UNCUT0098" x="4126" y="1731" width="478" height="573" frameX="-50" frameY="-33" frameWidth="616" frameHeight="610"/>
	<SubTexture name="TANK TALK 3 P1 UNCUT0099" x="4126" y="1731" width="478" height="573" frameX="-50" frameY="-33" frameWidth="616" frameHeight="610"/>
	<SubTexture name="TANK TALK 3 P1 UNCUT0100" x="0" y="4610" width="489" height="573" frameX="-50" frameY="-33" frameWidth="616" frameHeight="610"/>
	<SubTexture name="TANK TALK 3 P1 UNCUT0101" x="0" y="4610" width="489" height="573" frameX="-50" frameY="-33" frameWidth="616" frameHeight="610"/>
	<SubTexture name="TANK TALK 3 P1 UNCUT0102" x="3112" y="2286" width="490" height="573" frameX="-50" frameY="-33" frameWidth="616" frameHeight="610"/>
	<SubTexture name="TANK TALK 3 P1 UNCUT0103" x="3072" y="3456" width="490" height="573" frameX="-50" frameY="-33" frameWidth="616" frameHeight="610"/>
	<SubTexture name="TANK TALK 3 P1 UNCUT0104" x="3072" y="3456" width="490" height="573" frameX="-50" frameY="-33" frameWidth="616" frameHeight="610"/>
	<SubTexture name="TANK TALK 3 P1 UNCUT0105" x="3144" y="0" width="491" height="573" frameX="-50" frameY="-33" frameWidth="616" frameHeight="610"/>
	<SubTexture name="TANK TALK 3 P1 UNCUT0106" x="3144" y="0" width="491" height="573" frameX="-50" frameY="-33" frameWidth="616" frameHeight="610"/>
	<SubTexture name="TANK TALK 3 P1 UNCUT0107" x="3072" y="2879" width="492" height="573" frameX="-50" frameY="-33" frameWidth="616" frameHeight="610"/>
	<SubTexture name="TANK TALK 3 P1 UNCUT0108" x="3072" y="2879" width="492" height="573" frameX="-50" frameY="-33" frameWidth="616" frameHeight="610"/>
	<SubTexture name="TANK TALK 3 P1 UNCUT0109" x="3144" y="577" width="491" height="573" frameX="-51" frameY="-33" frameWidth="616" frameHeight="610"/>
	<SubTexture name="TANK TALK 3 P1 UNCUT0110" x="3144" y="577" width="491" height="573" frameX="-51" frameY="-33" frameWidth="616" frameHeight="610"/>
	<SubTexture name="TANK TALK 3 P1 UNCUT0111" x="3123" y="1154" width="500" height="562" frameX="-95" frameY="-44" frameWidth="616" frameHeight="610"/>
	<SubTexture name="TANK TALK 3 P1 UNCUT0112" x="3123" y="1720" width="500" height="562" frameX="-95" frameY="-44" frameWidth="616" frameHeight="610"/>
	<SubTexture name="TANK TALK 3 P1 UNCUT0113" x="1536" y="4032" width="495" height="567" frameX="-96" frameY="-39" frameWidth="616" frameHeight="610"/>
	<SubTexture name="TANK TALK 3 P1 UNCUT0114" x="0" y="4039" width="495" height="567" frameX="-96" frameY="-39" frameWidth="616" frameHeight="610"/>
	<SubTexture name="TANK TALK 3 P1 UNCUT0115" x="0" y="4039" width="495" height="567" frameX="-96" frameY="-39" frameWidth="616" frameHeight="610"/>
	<SubTexture name="TANK TALK 3 P1 UNCUT0116" x="499" y="4039" width="495" height="567" frameX="-96" frameY="-39" frameWidth="616" frameHeight="610"/>
	<SubTexture name="TANK TALK 3 P1 UNCUT0117" x="499" y="4039" width="495" height="567" frameX="-96" frameY="-39" frameWidth="616" frameHeight="610"/>
	<SubTexture name="TANK TALK 3 P1 UNCUT0118" x="499" y="4039" width="495" height="567" frameX="-96" frameY="-39" frameWidth="616" frameHeight="610"/>
	<SubTexture name="TANK TALK 3 P1 UNCUT0119" x="499" y="4039" width="495" height="567" frameX="-96" frameY="-39" frameWidth="616" frameHeight="610"/>
	<SubTexture name="TANK TALK 3 P1 UNCUT0120" x="499" y="4039" width="495" height="567" frameX="-96" frameY="-39" frameWidth="616" frameHeight="610"/>
	<SubTexture name="TANK TALK 3 P1 UNCUT0121" x="499" y="4039" width="495" height="567" frameX="-96" frameY="-39" frameWidth="616" frameHeight="610"/>
	<SubTexture name="TANK TALK 3 P1 UNCUT0122" x="499" y="4039" width="495" height="567" frameX="-96" frameY="-39" frameWidth="616" frameHeight="610"/>
	<SubTexture name="TANK TALK 3 P1 UNCUT0123" x="499" y="4039" width="495" height="567" frameX="-96" frameY="-39" frameWidth="616" frameHeight="610"/>
	<SubTexture name="TANK TALK 3 P1 UNCUT0124" x="499" y="4039" width="495" height="567" frameX="-96" frameY="-39" frameWidth="616" frameHeight="610"/>
	<SubTexture name="TANK TALK 3 P1 UNCUT0125" x="499" y="4039" width="495" height="567" frameX="-96" frameY="-39" frameWidth="616" frameHeight="610"/>
	<SubTexture name="TANK TALK 3 P1 UNCUT0126" x="499" y="4039" width="495" height="567" frameX="-96" frameY="-39" frameWidth="616" frameHeight="610"/>
	<SubTexture name="TANK TALK 3 P1 UNCUT0127" x="499" y="4039" width="495" height="567" frameX="-96" frameY="-39" frameWidth="616" frameHeight="610"/>
	<SubTexture name="TANK TALK 3 P1 UNCUT0128" x="499" y="4039" width="495" height="567" frameX="-96" frameY="-39" frameWidth="616" frameHeight="610"/>
	<SubTexture name="TANK TALK 3 P1 UNCUT0129" x="998" y="4039" width="495" height="567" frameX="-96" frameY="-39" frameWidth="616" frameHeight="610"/>
	<SubTexture name="TANK TALK 3 P1 UNCUT0130" x="2035" y="4032" width="495" height="567" frameX="-96" frameY="-39" frameWidth="616" frameHeight="610"/>
	<SubTexture name="TANK TALK 3 P1 UNCUT0131" x="2035" y="4032" width="495" height="567" frameX="-96" frameY="-39" frameWidth="616" frameHeight="610"/>
	<SubTexture name="TANK TALK 3 P1 UNCUT0132" x="2534" y="3468" width="495" height="567" frameX="-96" frameY="-39" frameWidth="616" frameHeight="610"/>
	<SubTexture name="TANK TALK 3 P1 UNCUT0133" x="2534" y="3468" width="495" height="567" frameX="-96" frameY="-39" frameWidth="616" frameHeight="610"/>
	<SubTexture name="TANK TALK 3 P1 UNCUT0134" x="3566" y="3456" width="495" height="567" frameX="-96" frameY="-39" frameWidth="616" frameHeight="610"/>
	<SubTexture name="TANK TALK 3 P1 UNCUT0135" x="3566" y="3456" width="495" height="567" frameX="-96" frameY="-39" frameWidth="616" frameHeight="610"/>
	<SubTexture name="TANK TALK 3 P1 UNCUT0136" x="3639" y="0" width="495" height="567" frameX="-96" frameY="-39" frameWidth="616" frameHeight="610"/>
	<SubTexture name="TANK TALK 3 P1 UNCUT0137" x="3639" y="0" width="495" height="567" frameX="-96" frameY="-39" frameWidth="616" frameHeight="610"/>
	<SubTexture name="TANK TALK 3 P1 UNCUT0138" x="3639" y="571" width="495" height="567" frameX="-96" frameY="-39" frameWidth="616" frameHeight="610"/>
	<SubTexture name="TANK TALK 3 P1 UNCUT0139" x="3639" y="571" width="495" height="567" frameX="-96" frameY="-39" frameWidth="616" frameHeight="610"/>
	<SubTexture name="TANK TALK 3 P1 UNCUT0140" x="3639" y="1142" width="495" height="567" frameX="-96" frameY="-39" frameWidth="616" frameHeight="610"/>
	<SubTexture name="TANK TALK 3 P1 UNCUT0141" x="3627" y="1713" width="495" height="567" frameX="-96" frameY="-39" frameWidth="616" frameHeight="610"/>
	<SubTexture name="TANK TALK 3 P1 UNCUT0142" x="3627" y="1713" width="495" height="567" frameX="-96" frameY="-39" frameWidth="616" frameHeight="610"/>
	<SubTexture name="TANK TALK 3 P1 UNCUT0143" x="3627" y="2284" width="495" height="567" frameX="-96" frameY="-39" frameWidth="616" frameHeight="610"/>
	<SubTexture name="TANK TALK 3 P1 UNCUT0144" x="3627" y="2284" width="495" height="567" frameX="-96" frameY="-39" frameWidth="616" frameHeight="610"/>
	<SubTexture name="TANK TALK 3 P1 UNCUT0145" x="3627" y="2284" width="495" height="567" frameX="-96" frameY="-39" frameWidth="616" frameHeight="610"/>
	<SubTexture name="TANK TALK 3 P1 UNCUT0146" x="3606" y="2855" width="495" height="567" frameX="-96" frameY="-39" frameWidth="616" frameHeight="610"/>
	<SubTexture name="TANK TALK 3 P1 UNCUT0147" x="3566" y="4027" width="495" height="567" frameX="-96" frameY="-39" frameWidth="616" frameHeight="610"/>
	<SubTexture name="TANK TALK 3 P1 UNCUT0148" x="493" y="4610" width="491" height="567" frameX="-96" frameY="-39" frameWidth="616" frameHeight="610"/>
	<SubTexture name="TANK TALK 3 P1 UNCUT0149" x="988" y="4610" width="491" height="567" frameX="-96" frameY="-39" frameWidth="616" frameHeight="610"/>
	<SubTexture name="TANK TALK 3 P1 UNCUT0150" x="1044" y="2314" width="520" height="560" frameX="-96" frameY="-46" frameWidth="616" frameHeight="610"/>
	<SubTexture name="TANK TALK 3 P1 UNCUT0151" x="1596" y="0" width="520" height="579" frameX="-96" frameY="-27" frameWidth="616" frameHeight="610"/>
	<SubTexture name="TANK TALK 3 P1 UNCUT0152" x="1581" y="1737" width="503" height="579" frameX="-95" frameY="-27" frameWidth="616" frameHeight="610"/>
	<SubTexture name="TANK TALK 3 P1 UNCUT0153" x="1587" y="583" width="508" height="573" frameX="-95" frameY="-33" frameWidth="616" frameHeight="610"/>
	<SubTexture name="TANK TALK 3 P1 UNCUT0154" x="1587" y="1160" width="508" height="573" frameX="-95" frameY="-33" frameWidth="616" frameHeight="610"/>
	<SubTexture name="TANK TALK 3 P1 UNCUT0155" x="1587" y="1160" width="508" height="573" frameX="-95" frameY="-33" frameWidth="616" frameHeight="610"/>
	<SubTexture name="TANK TALK 3 P1 UNCUT0156" x="2088" y="1737" width="508" height="573" frameX="-95" frameY="-33" frameWidth="616" frameHeight="610"/>
	<SubTexture name="TANK TALK 3 P1 UNCUT0157" x="2088" y="1737" width="508" height="573" frameX="-95" frameY="-33" frameWidth="616" frameHeight="610"/>
	<SubTexture name="TANK TALK 3 P1 UNCUT0158" x="2088" y="1737" width="508" height="573" frameX="-95" frameY="-33" frameWidth="616" frameHeight="610"/>
	<SubTexture name="TANK TALK 3 P1 UNCUT0159" x="2088" y="1737" width="508" height="573" frameX="-95" frameY="-33" frameWidth="616" frameHeight="610"/>
	<SubTexture name="TANK TALK 3 P1 UNCUT0160" x="2088" y="1737" width="508" height="573" frameX="-95" frameY="-33" frameWidth="616" frameHeight="610"/>
	<SubTexture name="TANK TALK 3 P1 UNCUT0161" x="2088" y="1737" width="508" height="573" frameX="-95" frameY="-33" frameWidth="616" frameHeight="610"/>
	<SubTexture name="TANK TALK 3 P1 UNCUT0162" x="2088" y="1737" width="508" height="573" frameX="-95" frameY="-33" frameWidth="616" frameHeight="610"/>
	<SubTexture name="TANK TALK 3 P1 UNCUT0163" x="2088" y="1737" width="508" height="573" frameX="-95" frameY="-33" frameWidth="616" frameHeight="610"/>
	<SubTexture name="TANK TALK 3 P1 UNCUT0164" x="2120" y="0" width="508" height="573" frameX="-95" frameY="-33" frameWidth="616" frameHeight="610"/>
	<SubTexture name="TANK TALK 3 P1 UNCUT0165" x="2120" y="0" width="508" height="573" frameX="-95" frameY="-33" frameWidth="616" frameHeight="610"/>
	<SubTexture name="TANK TALK 3 P1 UNCUT0166" x="2120" y="577" width="508" height="573" frameX="-95" frameY="-33" frameWidth="616" frameHeight="610"/>
	<SubTexture name="TANK TALK 3 P1 UNCUT0167" x="2120" y="577" width="508" height="573" frameX="-95" frameY="-33" frameWidth="616" frameHeight="610"/>
	<SubTexture name="TANK TALK 3 P1 UNCUT0168" x="2120" y="0" width="508" height="573" frameX="-95" frameY="-33" frameWidth="616" frameHeight="610"/>
	<SubTexture name="TANK TALK 3 P1 UNCUT0169" x="2120" y="0" width="508" height="573" frameX="-95" frameY="-33" frameWidth="616" frameHeight="610"/>
	<SubTexture name="TANK TALK 3 P1 UNCUT0170" x="2099" y="1154" width="508" height="573" frameX="-95" frameY="-33" frameWidth="616" frameHeight="610"/>
	<SubTexture name="TANK TALK 3 P1 UNCUT0171" x="2099" y="1154" width="508" height="573" frameX="-95" frameY="-33" frameWidth="616" frameHeight="610"/>
	<SubTexture name="TANK TALK 3 P1 UNCUT0172" x="2088" y="2314" width="508" height="573" frameX="-95" frameY="-33" frameWidth="616" frameHeight="610"/>
	<SubTexture name="TANK TALK 3 P1 UNCUT0173" x="2088" y="2314" width="508" height="573" frameX="-95" frameY="-33" frameWidth="616" frameHeight="610"/>
	<SubTexture name="TANK TALK 3 P1 UNCUT0174" x="0" y="2885" width="508" height="573" frameX="-95" frameY="-33" frameWidth="616" frameHeight="610"/>
	<SubTexture name="TANK TALK 3 P1 UNCUT0175" x="0" y="2885" width="508" height="573" frameX="-95" frameY="-33" frameWidth="616" frameHeight="610"/>
	<SubTexture name="TANK TALK 3 P1 UNCUT0176" x="512" y="2885" width="508" height="573" frameX="-95" frameY="-33" frameWidth="616" frameHeight="610"/>
	<SubTexture name="TANK TALK 3 P1 UNCUT0177" x="1024" y="2885" width="508" height="573" frameX="-95" frameY="-33" frameWidth="616" frameHeight="610"/>
	<SubTexture name="TANK TALK 3 P1 UNCUT0178" x="1024" y="2885" width="508" height="573" frameX="-95" frameY="-33" frameWidth="616" frameHeight="610"/>
	<SubTexture name="TANK TALK 3 P1 UNCUT0179" x="1536" y="2878" width="508" height="573" frameX="-95" frameY="-33" frameWidth="616" frameHeight="610"/>
	<SubTexture name="TANK TALK 3 P1 UNCUT0180" x="1536" y="2878" width="508" height="573" frameX="-95" frameY="-33" frameWidth="616" frameHeight="610"/>
	<SubTexture name="TANK TALK 3 P1 UNCUT0181" x="2048" y="2891" width="508" height="573" frameX="-95" frameY="-33" frameWidth="616" frameHeight="610"/>
	<SubTexture name="TANK TALK 3 P1 UNCUT0182" x="2048" y="2891" width="508" height="573" frameX="-95" frameY="-33" frameWidth="616" frameHeight="610"/>
	<SubTexture name="TANK TALK 3 P1 UNCUT0183" x="0" y="3462" width="508" height="573" frameX="-95" frameY="-33" frameWidth="616" frameHeight="610"/>
	<SubTexture name="TANK TALK 3 P1 UNCUT0184" x="0" y="3462" width="508" height="573" frameX="-95" frameY="-33" frameWidth="616" frameHeight="610"/>
	<SubTexture name="TANK TALK 3 P1 UNCUT0185" x="0" y="3462" width="508" height="573" frameX="-95" frameY="-33" frameWidth="616" frameHeight="610"/>
	<SubTexture name="TANK TALK 3 P1 UNCUT0186" x="0" y="3462" width="508" height="573" frameX="-95" frameY="-33" frameWidth="616" frameHeight="610"/>
	<SubTexture name="TANK TALK 3 P1 UNCUT0187" x="512" y="3462" width="508" height="573" frameX="-95" frameY="-33" frameWidth="616" frameHeight="610"/>
	<SubTexture name="TANK TALK 3 P1 UNCUT0188" x="1024" y="3462" width="508" height="573" frameX="-95" frameY="-33" frameWidth="616" frameHeight="610"/>
	<SubTexture name="TANK TALK 3 P1 UNCUT0189" x="1024" y="3462" width="508" height="573" frameX="-95" frameY="-33" frameWidth="616" frameHeight="610"/>
	<SubTexture name="TANK TALK 3 P1 UNCUT0190" x="1536" y="3455" width="508" height="573" frameX="-95" frameY="-33" frameWidth="616" frameHeight="610"/>
	<SubTexture name="TANK TALK 3 P1 UNCUT0191" x="1536" y="3455" width="508" height="573" frameX="-95" frameY="-33" frameWidth="616" frameHeight="610"/>
	<SubTexture name="TANK TALK 3 P1 UNCUT0192" x="2560" y="2891" width="508" height="573" frameX="-95" frameY="-33" frameWidth="616" frameHeight="610"/>
	<SubTexture name="TANK TALK 3 P1 UNCUT0193" x="2632" y="0" width="508" height="573" frameX="-95" frameY="-33" frameWidth="616" frameHeight="610"/>
	<SubTexture name="TANK TALK 3 P1 UNCUT0194" x="2632" y="0" width="508" height="573" frameX="-95" frameY="-33" frameWidth="616" frameHeight="610"/>
	<SubTexture name="TANK TALK 3 P1 UNCUT0195" x="2632" y="577" width="508" height="573" frameX="-95" frameY="-33" frameWidth="616" frameHeight="610"/>
	<SubTexture name="TANK TALK 3 P1 UNCUT0196" x="2611" y="1154" width="508" height="573" frameX="-95" frameY="-33" frameWidth="616" frameHeight="610"/>
	<SubTexture name="TANK TALK 3 P1 UNCUT0197" x="2611" y="1154" width="508" height="573" frameX="-95" frameY="-33" frameWidth="616" frameHeight="610"/>
	<SubTexture name="TANK TALK 3 P1 UNCUT0198" x="2600" y="1731" width="508" height="573" frameX="-95" frameY="-33" frameWidth="616" frameHeight="610"/>
	<SubTexture name="TANK TALK 3 P1 UNCUT0199" x="2600" y="1731" width="508" height="573" frameX="-95" frameY="-33" frameWidth="616" frameHeight="610"/>
	<SubTexture name="TANK TALK 3 P1 UNCUT0200" x="2600" y="1731" width="508" height="573" frameX="-95" frameY="-33" frameWidth="616" frameHeight="610"/>
	<SubTexture name="TANK TALK 3 P1 UNCUT0201" x="2600" y="1731" width="508" height="573" frameX="-95" frameY="-33" frameWidth="616" frameHeight="610"/>
	<SubTexture name="TANK TALK 3 P1 UNCUT0202" x="2600" y="2308" width="506" height="567" frameX="-90" frameY="-39" frameWidth="616" frameHeight="610"/>
	<SubTexture name="TANK TALK 3 P1 UNCUT0203" x="2600" y="2308" width="506" height="567" frameX="-90" frameY="-39" frameWidth="616" frameHeight="610"/>
	<SubTexture name="TANK TALK 3 P1 UNCUT0204" x="1385" y="6304" width="448" height="530" frameX="-100" frameY="-78" frameWidth="616" frameHeight="610"/>
	<SubTexture name="TANK TALK 3 P1 UNCUT0205" x="1385" y="6304" width="448" height="530" frameX="-100" frameY="-78" frameWidth="616" frameHeight="610"/>
	<SubTexture name="TANK TALK 3 P1 UNCUT0206" x="0" y="6304" width="461" height="536" frameX="-94" frameY="-74" frameWidth="616" frameHeight="610"/>
	<SubTexture name="TANK TALK 3 P1 UNCUT0207" x="0" y="6304" width="461" height="536" frameX="-94" frameY="-74" frameWidth="616" frameHeight="610"/>
	<SubTexture name="TANK TALK 3 P1 UNCUT0208" x="0" y="6304" width="461" height="536" frameX="-94" frameY="-74" frameWidth="616" frameHeight="610"/>
	<SubTexture name="TANK TALK 3 P1 UNCUT0209" x="920" y="5758" width="461" height="536" frameX="-94" frameY="-74" frameWidth="616" frameHeight="610"/>
	<SubTexture name="TANK TALK 3 P1 UNCUT0210" x="920" y="5758" width="461" height="536" frameX="-94" frameY="-74" frameWidth="616" frameHeight="610"/>
	<SubTexture name="TANK TALK 3 P1 UNCUT0211" x="920" y="5758" width="461" height="536" frameX="-94" frameY="-74" frameWidth="616" frameHeight="610"/>
	<SubTexture name="TANK TALK 3 P1 UNCUT0212" x="1895" y="5187" width="461" height="536" frameX="-94" frameY="-74" frameWidth="616" frameHeight="610"/>
	<SubTexture name="TANK TALK 3 P1 UNCUT0213" x="1895" y="5187" width="461" height="536" frameX="-94" frameY="-74" frameWidth="616" frameHeight="610"/>
	<SubTexture name="TANK TALK 3 P1 UNCUT0214" x="2360" y="5180" width="461" height="536" frameX="-94" frameY="-74" frameWidth="616" frameHeight="610"/>
	<SubTexture name="TANK TALK 3 P1 UNCUT0215" x="2360" y="5180" width="461" height="536" frameX="-94" frameY="-74" frameWidth="616" frameHeight="610"/>
	<SubTexture name="TANK TALK 3 P1 UNCUT0216" x="2360" y="5180" width="461" height="536" frameX="-94" frameY="-74" frameWidth="616" frameHeight="610"/>
	<SubTexture name="TANK TALK 3 P1 UNCUT0217" x="2360" y="5180" width="461" height="536" frameX="-94" frameY="-74" frameWidth="616" frameHeight="610"/>
	<SubTexture name="TANK TALK 3 P1 UNCUT0218" x="2360" y="5180" width="461" height="536" frameX="-94" frameY="-74" frameWidth="616" frameHeight="610"/>
	<SubTexture name="TANK TALK 3 P1 UNCUT0219" x="2360" y="5180" width="461" height="536" frameX="-94" frameY="-74" frameWidth="616" frameHeight="610"/>
	<SubTexture name="TANK TALK 3 P1 UNCUT0220" x="2360" y="5180" width="461" height="536" frameX="-94" frameY="-74" frameWidth="616" frameHeight="610"/>
	<SubTexture name="TANK TALK 3 P1 UNCUT0221" x="2360" y="5180" width="461" height="536" frameX="-94" frameY="-74" frameWidth="616" frameHeight="610"/>
	<SubTexture name="TANK TALK 3 P1 UNCUT0222" x="2360" y="5180" width="461" height="536" frameX="-94" frameY="-74" frameWidth="616" frameHeight="610"/>
	<SubTexture name="TANK TALK 3 P1 UNCUT0223" x="2360" y="5180" width="461" height="536" frameX="-94" frameY="-74" frameWidth="616" frameHeight="610"/>
	<SubTexture name="TANK TALK 3 P1 UNCUT0224" x="2360" y="5180" width="461" height="536" frameX="-94" frameY="-74" frameWidth="616" frameHeight="610"/>
	<SubTexture name="TANK TALK 3 P1 UNCUT0225" x="2360" y="5180" width="461" height="536" frameX="-94" frameY="-74" frameWidth="616" frameHeight="610"/>
	<SubTexture name="TANK TALK 3 P1 UNCUT0226" x="2360" y="5180" width="461" height="536" frameX="-94" frameY="-74" frameWidth="616" frameHeight="610"/>
	<SubTexture name="TANK TALK 3 P1 UNCUT0227" x="2360" y="5180" width="461" height="536" frameX="-94" frameY="-74" frameWidth="616" frameHeight="610"/>
	<SubTexture name="TANK TALK 3 P1 UNCUT0228" x="2360" y="5180" width="461" height="536" frameX="-94" frameY="-74" frameWidth="616" frameHeight="610"/>
	<SubTexture name="TANK TALK 3 P1 UNCUT0229" x="3358" y="4616" width="461" height="536" frameX="-94" frameY="-74" frameWidth="616" frameHeight="610"/>
	<SubTexture name="TANK TALK 3 P1 UNCUT0230" x="3358" y="4616" width="461" height="536" frameX="-94" frameY="-74" frameWidth="616" frameHeight="610"/>
	<SubTexture name="TANK TALK 3 P1 UNCUT0231" x="3358" y="5156" width="461" height="536" frameX="-94" frameY="-74" frameWidth="616" frameHeight="610"/>
	<SubTexture name="TANK TALK 3 P1 UNCUT0232" x="3358" y="5156" width="461" height="536" frameX="-94" frameY="-74" frameWidth="616" frameHeight="610"/>
	<SubTexture name="TANK TALK 3 P1 UNCUT0233" x="2825" y="5193" width="461" height="536" frameX="-94" frameY="-74" frameWidth="616" frameHeight="610"/>
	<SubTexture name="TANK TALK 3 P1 UNCUT0234" x="1895" y="5727" width="461" height="536" frameX="-94" frameY="-74" frameWidth="616" frameHeight="610"/>
	<SubTexture name="TANK TALK 3 P1 UNCUT0235" x="1895" y="5727" width="461" height="536" frameX="-94" frameY="-74" frameWidth="616" frameHeight="610"/>
	<SubTexture name="TANK TALK 3 P1 UNCUT0236" x="1385" y="5764" width="461" height="536" frameX="-94" frameY="-74" frameWidth="616" frameHeight="610"/>
	<SubTexture name="TANK TALK 3 P1 UNCUT0237" x="1385" y="5764" width="461" height="536" frameX="-94" frameY="-74" frameWidth="616" frameHeight="610"/>
	<SubTexture name="TANK TALK 3 P1 UNCUT0238" x="920" y="6298" width="461" height="536" frameX="-94" frameY="-74" frameWidth="616" frameHeight="610"/>
	<SubTexture name="TANK TALK 3 P1 UNCUT0239" x="920" y="6298" width="461" height="536" frameX="-94" frameY="-74" frameWidth="616" frameHeight="610"/>
	<SubTexture name="TANK TALK 3 P1 UNCUT0240" x="2360" y="5720" width="461" height="536" frameX="-94" frameY="-74" frameWidth="616" frameHeight="610"/>
	<SubTexture name="TANK TALK 3 P1 UNCUT0241" x="2360" y="5720" width="461" height="536" frameX="-94" frameY="-74" frameWidth="616" frameHeight="610"/>
	<SubTexture name="TANK TALK 3 P1 UNCUT0242" x="2360" y="5720" width="461" height="536" frameX="-94" frameY="-74" frameWidth="616" frameHeight="610"/>
	<SubTexture name="TANK TALK 3 P1 UNCUT0243" x="2360" y="5720" width="461" height="536" frameX="-94" frameY="-74" frameWidth="616" frameHeight="610"/>
	<SubTexture name="TANK TALK 3 P1 UNCUT0244" x="2360" y="5720" width="461" height="536" frameX="-94" frameY="-74" frameWidth="616" frameHeight="610"/>
	<SubTexture name="TANK TALK 3 P1 UNCUT0245" x="2360" y="5720" width="461" height="536" frameX="-94" frameY="-74" frameWidth="616" frameHeight="610"/>
	<SubTexture name="TANK TALK 3 P1 UNCUT0246" x="920" y="6298" width="461" height="536" frameX="-94" frameY="-74" frameWidth="616" frameHeight="610"/>
	<SubTexture name="TANK TALK 3 P1 UNCUT0247" x="920" y="6298" width="461" height="536" frameX="-94" frameY="-74" frameWidth="616" frameHeight="610"/>
	<SubTexture name="TANK TALK 3 P1 UNCUT0248" x="4512" y="4580" width="461" height="536" frameX="-94" frameY="-74" frameWidth="616" frameHeight="610"/>
	<SubTexture name="TANK TALK 3 P1 UNCUT0249" x="4512" y="4580" width="461" height="536" frameX="-94" frameY="-74" frameWidth="616" frameHeight="610"/>
	<SubTexture name="TANK TALK 3 P1 UNCUT0250" x="4977" y="4580" width="461" height="536" frameX="-94" frameY="-74" frameWidth="616" frameHeight="610"/>
	<SubTexture name="TANK TALK 3 P1 UNCUT0251" x="4977" y="4580" width="461" height="536" frameX="-94" frameY="-74" frameWidth="616" frameHeight="610"/>
	<SubTexture name="TANK TALK 3 P1 UNCUT0252" x="5111" y="1602" width="461" height="536" frameX="-94" frameY="-74" frameWidth="616" frameHeight="610"/>
	<SubTexture name="TANK TALK 3 P1 UNCUT0253" x="5111" y="1602" width="461" height="536" frameX="-94" frameY="-74" frameWidth="616" frameHeight="610"/>
	<SubTexture name="TANK TALK 3 P1 UNCUT0254" x="5116" y="0" width="461" height="536" frameX="-94" frameY="-74" frameWidth="616" frameHeight="610"/>
	<SubTexture name="TANK TALK 3 P1 UNCUT0255" x="5116" y="0" width="461" height="536" frameX="-94" frameY="-74" frameWidth="616" frameHeight="610"/>
	<SubTexture name="TANK TALK 3 P1 UNCUT0256" x="5116" y="540" width="461" height="536" frameX="-94" frameY="-74" frameWidth="616" frameHeight="610"/>
	<SubTexture name="TANK TALK 3 P1 UNCUT0257" x="5116" y="540" width="461" height="536" frameX="-94" frameY="-74" frameWidth="616" frameHeight="610"/>
	<SubTexture name="TANK TALK 3 P1 UNCUT0258" x="5111" y="1602" width="461" height="536" frameX="-94" frameY="-74" frameWidth="616" frameHeight="610"/>
	<SubTexture name="TANK TALK 3 P1 UNCUT0259" x="5111" y="1602" width="461" height="536" frameX="-94" frameY="-74" frameWidth="616" frameHeight="610"/>
	<SubTexture name="TANK TALK 3 P1 UNCUT0260" x="5111" y="2142" width="461" height="536" frameX="-94" frameY="-74" frameWidth="616" frameHeight="610"/>
	<SubTexture name="TANK TALK 3 P1 UNCUT0261" x="5104" y="2682" width="461" height="536" frameX="-94" frameY="-74" frameWidth="616" frameHeight="610"/>
	<SubTexture name="TANK TALK 3 P1 UNCUT0262" x="5103" y="3222" width="461" height="536" frameX="-94" frameY="-74" frameWidth="616" frameHeight="610"/>
	<SubTexture name="TANK TALK 3 P1 UNCUT0263" x="5091" y="3762" width="461" height="536" frameX="-94" frameY="-74" frameWidth="616" frameHeight="610"/>
	<SubTexture name="TANK TALK 3 P1 UNCUT0264" x="0" y="5764" width="463" height="536" frameX="-92" frameY="-74" frameWidth="616" frameHeight="610"/>
	<SubTexture name="TANK TALK 3 P1 UNCUT0265" x="2048" y="3468" width="469" height="538" frameX="-79" frameY="-70" frameWidth="616" frameHeight="610"/>
	<SubTexture name="TANK TALK 3 P1 UNCUT0266" x="2447" y="4616" width="469" height="538" frameX="-79" frameY="-70" frameWidth="616" frameHeight="610"/>
	<SubTexture name="TANK TALK 3 P1 UNCUT0267" x="4620" y="0" width="492" height="530" frameX="-63" frameY="-80" frameWidth="616" frameHeight="610"/>
	<SubTexture name="TANK TALK 3 P1 UNCUT0268" x="4620" y="534" width="492" height="530" frameX="-63" frameY="-80" frameWidth="616" frameHeight="610"/>
	<SubTexture name="TANK TALK 3 P1 UNCUT0269" x="4620" y="534" width="492" height="530" frameX="-63" frameY="-80" frameWidth="616" frameHeight="610"/>
	<SubTexture name="TANK TALK 3 P1 UNCUT0270" x="4620" y="1068" width="492" height="530" frameX="-63" frameY="-80" frameWidth="616" frameHeight="610"/>
	<SubTexture name="TANK TALK 3 P1 UNCUT0271" x="4620" y="1068" width="492" height="530" frameX="-63" frameY="-80" frameWidth="616" frameHeight="610"/>
	<SubTexture name="TANK TALK 3 P1 UNCUT0272" x="4608" y="2260" width="492" height="530" frameX="-63" frameY="-80" frameWidth="616" frameHeight="610"/>
	<SubTexture name="TANK TALK 3 P1 UNCUT0273" x="4608" y="2260" width="492" height="530" frameX="-63" frameY="-80" frameWidth="616" frameHeight="610"/>
	<SubTexture name="TANK TALK 3 P1 UNCUT0274" x="4608" y="2260" width="492" height="530" frameX="-63" frameY="-80" frameWidth="616" frameHeight="610"/>
	<SubTexture name="TANK TALK 3 P1 UNCUT0275" x="4608" y="2260" width="492" height="530" frameX="-63" frameY="-80" frameWidth="616" frameHeight="610"/>
	<SubTexture name="TANK TALK 3 P1 UNCUT0276" x="4608" y="2260" width="492" height="530" frameX="-63" frameY="-80" frameWidth="616" frameHeight="610"/>
	<SubTexture name="TANK TALK 3 P1 UNCUT0277" x="4608" y="2260" width="492" height="530" frameX="-63" frameY="-80" frameWidth="616" frameHeight="610"/>
	<SubTexture name="TANK TALK 3 P1 UNCUT0278" x="4608" y="2260" width="492" height="530" frameX="-63" frameY="-80" frameWidth="616" frameHeight="610"/>
	<SubTexture name="TANK TALK 3 P1 UNCUT0279" x="4608" y="2260" width="492" height="530" frameX="-63" frameY="-80" frameWidth="616" frameHeight="610"/>
	<SubTexture name="TANK TALK 3 P1 UNCUT0280" x="4608" y="2260" width="492" height="530" frameX="-63" frameY="-80" frameWidth="616" frameHeight="610"/>
	<SubTexture name="TANK TALK 3 P1 UNCUT0281" x="4608" y="2260" width="492" height="530" frameX="-63" frameY="-80" frameWidth="616" frameHeight="610"/>
	<SubTexture name="TANK TALK 3 P1 UNCUT0282" x="4608" y="2260" width="492" height="530" frameX="-63" frameY="-80" frameWidth="616" frameHeight="610"/>
	<SubTexture name="TANK TALK 3 P1 UNCUT0283" x="4607" y="2794" width="492" height="530" frameX="-63" frameY="-80" frameWidth="616" frameHeight="610"/>
	<SubTexture name="TANK TALK 3 P1 UNCUT0284" x="4105" y="2885" width="489" height="533" frameX="-68" frameY="-77" frameWidth="616" frameHeight="610"/>
	<SubTexture name="TANK TALK 3 P1 UNCUT0285" x="4598" y="3328" width="489" height="533" frameX="-68" frameY="-77" frameWidth="616" frameHeight="610"/>
	<SubTexture name="TANK TALK 3 P1 UNCUT0286" x="1568" y="2320" width="499" height="525" frameX="-59" frameY="-85" frameWidth="616" frameHeight="610"/>
	<SubTexture name="TANK TALK 3 P1 UNCUT0287" x="4608" y="1731" width="499" height="525" frameX="-59" frameY="-85" frameWidth="616" frameHeight="610"/>
	<SubTexture name="TANK TALK 3 P1 UNCUT0288" x="6009" y="577" width="426" height="563" frameX="-95" frameY="-43" frameWidth="616" frameHeight="610"/>
	<SubTexture name="TANK TALK 3 P1 UNCUT0289" x="6009" y="577" width="426" height="563" frameX="-95" frameY="-43" frameWidth="616" frameHeight="610"/>
	<SubTexture name="TANK TALK 3 P1 UNCUT0290" x="5576" y="1731" width="425" height="571" frameX="-95" frameY="-35" frameWidth="616" frameHeight="610"/>
	<SubTexture name="TANK TALK 3 P1 UNCUT0291" x="5576" y="1731" width="425" height="571" frameX="-95" frameY="-35" frameWidth="616" frameHeight="610"/>
	<SubTexture name="TANK TALK 3 P1 UNCUT0292" x="6004" y="1154" width="424" height="571" frameX="-96" frameY="-35" frameWidth="616" frameHeight="610"/>
	<SubTexture name="TANK TALK 3 P1 UNCUT0293" x="897" y="6838" width="424" height="573" frameX="-96" frameY="-33" frameWidth="616" frameHeight="610"/>
	<SubTexture name="TANK TALK 3 P1 UNCUT0294" x="432" y="6912" width="424" height="573" frameX="-96" frameY="-33" frameWidth="616" frameHeight="610"/>
	<SubTexture name="TANK TALK 3 P1 UNCUT0295" x="432" y="6912" width="424" height="573" frameX="-96" frameY="-33" frameWidth="616" frameHeight="610"/>
	<SubTexture name="TANK TALK 3 P1 UNCUT0296" x="432" y="6912" width="424" height="573" frameX="-96" frameY="-33" frameWidth="616" frameHeight="610"/>
	<SubTexture name="TANK TALK 3 P1 UNCUT0297" x="0" y="7421" width="424" height="573" frameX="-96" frameY="-33" frameWidth="616" frameHeight="610"/>
	<SubTexture name="TANK TALK 3 P1 UNCUT0298" x="0" y="7421" width="424" height="573" frameX="-96" frameY="-33" frameWidth="616" frameHeight="610"/>
	<SubTexture name="TANK TALK 3 P1 UNCUT0299" x="1325" y="6838" width="424" height="573" frameX="-96" frameY="-33" frameWidth="616" frameHeight="610"/>
	<SubTexture name="TANK TALK 3 P1 UNCUT0300" x="1325" y="6838" width="424" height="573" frameX="-96" frameY="-33" frameWidth="616" frameHeight="610"/>
	<SubTexture name="TANK TALK 3 P1 UNCUT0301" x="2279" y="6267" width="424" height="573" frameX="-96" frameY="-33" frameWidth="616" frameHeight="610"/>
	<SubTexture name="TANK TALK 3 P1 UNCUT0302" x="2279" y="6267" width="424" height="573" frameX="-96" frameY="-33" frameWidth="616" frameHeight="610"/>
	<SubTexture name="TANK TALK 3 P1 UNCUT0303" x="2707" y="6260" width="424" height="573" frameX="-96" frameY="-33" frameWidth="616" frameHeight="610"/>
	<SubTexture name="TANK TALK 3 P1 UNCUT0304" x="2707" y="6260" width="424" height="573" frameX="-96" frameY="-33" frameWidth="616" frameHeight="610"/>
	<SubTexture name="TANK TALK 3 P1 UNCUT0305" x="3721" y="5696" width="424" height="573" frameX="-96" frameY="-33" frameWidth="616" frameHeight="610"/>
	<SubTexture name="TANK TALK 3 P1 UNCUT0306" x="4943" y="5120" width="424" height="573" frameX="-96" frameY="-33" frameWidth="616" frameHeight="610"/>
	<SubTexture name="TANK TALK 3 P1 UNCUT0307" x="4943" y="5120" width="424" height="573" frameX="-96" frameY="-33" frameWidth="616" frameHeight="610"/>
	<SubTexture name="TANK TALK 3 P1 UNCUT0308" x="5371" y="5120" width="424" height="573" frameX="-96" frameY="-33" frameWidth="616" frameHeight="610"/>
	<SubTexture name="TANK TALK 3 P1 UNCUT0309" x="5371" y="5120" width="424" height="573" frameX="-96" frameY="-33" frameWidth="616" frameHeight="610"/>
	<SubTexture name="TANK TALK 3 P1 UNCUT0310" x="5371" y="5120" width="424" height="573" frameX="-96" frameY="-33" frameWidth="616" frameHeight="610"/>
	<SubTexture name="TANK TALK 3 P1 UNCUT0311" x="5569" y="2682" width="424" height="573" frameX="-96" frameY="-33" frameWidth="616" frameHeight="610"/>
	<SubTexture name="TANK TALK 3 P1 UNCUT0312" x="5569" y="2682" width="424" height="573" frameX="-96" frameY="-33" frameWidth="616" frameHeight="610"/>
	<SubTexture name="TANK TALK 3 P1 UNCUT0313" x="5581" y="0" width="424" height="573" frameX="-96" frameY="-33" frameWidth="616" frameHeight="610"/>
	<SubTexture name="TANK TALK 3 P1 UNCUT0314" x="5581" y="0" width="424" height="573" frameX="-96" frameY="-33" frameWidth="616" frameHeight="610"/>
	<SubTexture name="TANK TALK 3 P1 UNCUT0315" x="5581" y="577" width="424" height="573" frameX="-96" frameY="-33" frameWidth="616" frameHeight="610"/>
	<SubTexture name="TANK TALK 3 P1 UNCUT0316" x="1850" y="6267" width="425" height="573" frameX="-95" frameY="-33" frameWidth="616" frameHeight="610"/>
	<SubTexture name="TANK TALK 3 P1 UNCUT0317" x="465" y="6335" width="428" height="573" frameX="-92" frameY="-33" frameWidth="616" frameHeight="610"/>
	<SubTexture name="TANK TALK 3 P1 UNCUT0318" x="0" y="6844" width="428" height="573" frameX="-92" frameY="-33" frameWidth="616" frameHeight="610"/>
	<SubTexture name="TANK TALK 3 P1 UNCUT0319" x="5576" y="1154" width="424" height="573" frameX="-96" frameY="-33" frameWidth="616" frameHeight="610"/>
	<SubTexture name="TANK TALK 3 P1 UNCUT0320" x="3547" y="6273" width="401" height="567" frameX="-120" frameY="-39" frameWidth="616" frameHeight="610"/>
	<SubTexture name="TANK TALK 3 P1 UNCUT0321" x="3547" y="6273" width="401" height="567" frameX="-120" frameY="-39" frameWidth="616" frameHeight="610"/>
	<SubTexture name="TANK TALK 3 P1 UNCUT0322" x="4561" y="5697" width="397" height="569" frameX="-120" frameY="-37" frameWidth="616" frameHeight="610"/>
	<SubTexture name="TANK TALK 3 P1 UNCUT0323" x="4561" y="5697" width="397" height="569" frameX="-120" frameY="-37" frameWidth="616" frameHeight="610"/>
	<SubTexture name="TANK TALK 3 P1 UNCUT0324" x="4561" y="5697" width="397" height="569" frameX="-120" frameY="-37" frameWidth="616" frameHeight="610"/>
	<SubTexture name="TANK TALK 3 P1 UNCUT0325" x="4962" y="5697" width="397" height="569" frameX="-120" frameY="-37" frameWidth="616" frameHeight="610"/>
	<SubTexture name="TANK TALK 3 P1 UNCUT0326" x="4962" y="5697" width="397" height="569" frameX="-120" frameY="-37" frameWidth="616" frameHeight="610"/>
	<SubTexture name="TANK TALK 3 P1 UNCUT0327" x="5363" y="5697" width="397" height="569" frameX="-120" frameY="-37" frameWidth="616" frameHeight="610"/>
	<SubTexture name="TANK TALK 3 P1 UNCUT0328" x="5363" y="5697" width="397" height="569" frameX="-120" frameY="-37" frameWidth="616" frameHeight="610"/>
	<SubTexture name="TANK TALK 3 P1 UNCUT0329" x="5764" y="6147" width="397" height="569" frameX="-120" frameY="-37" frameWidth="616" frameHeight="610"/>
	<SubTexture name="TANK TALK 3 P1 UNCUT0330" x="5764" y="6147" width="397" height="569" frameX="-120" frameY="-37" frameWidth="616" frameHeight="610"/>
	<SubTexture name="TANK TALK 3 P1 UNCUT0331" x="4561" y="6270" width="397" height="569" frameX="-120" frameY="-37" frameWidth="616" frameHeight="610"/>
	<SubTexture name="TANK TALK 3 P1 UNCUT0332" x="4561" y="6270" width="397" height="569" frameX="-120" frameY="-37" frameWidth="616" frameHeight="610"/>
	<SubTexture name="TANK TALK 3 P1 UNCUT0333" x="3952" y="6274" width="397" height="569" frameX="-120" frameY="-37" frameWidth="616" frameHeight="610"/>
	<SubTexture name="TANK TALK 3 P1 UNCUT0334" x="3952" y="6274" width="397" height="569" frameX="-120" frameY="-37" frameWidth="616" frameHeight="610"/>
	<SubTexture name="TANK TALK 3 P1 UNCUT0335" x="3547" y="6844" width="397" height="569" frameX="-120" frameY="-37" frameWidth="616" frameHeight="610"/>
	<SubTexture name="TANK TALK 3 P1 UNCUT0336" x="3547" y="6844" width="397" height="569" frameX="-120" frameY="-37" frameWidth="616" frameHeight="610"/>
	<SubTexture name="TANK TALK 3 P1 UNCUT0337" x="2577" y="7414" width="397" height="569" frameX="-120" frameY="-37" frameWidth="616" frameHeight="610"/>
	<SubTexture name="TANK TALK 3 P1 UNCUT0338" x="2577" y="7414" width="397" height="569" frameX="-120" frameY="-37" frameWidth="616" frameHeight="610"/>
	<SubTexture name="TANK TALK 3 P1 UNCUT0339" x="2577" y="7414" width="397" height="569" frameX="-120" frameY="-37" frameWidth="616" frameHeight="610"/>
	<SubTexture name="TANK TALK 3 P1 UNCUT0340" x="2978" y="7414" width="397" height="569" frameX="-120" frameY="-37" frameWidth="616" frameHeight="610"/>
	<SubTexture name="TANK TALK 3 P1 UNCUT0341" x="2978" y="7414" width="397" height="569" frameX="-120" frameY="-37" frameWidth="616" frameHeight="610"/>
	<SubTexture name="TANK TALK 3 P1 UNCUT0342" x="2978" y="7414" width="397" height="569" frameX="-120" frameY="-37" frameWidth="616" frameHeight="610"/>
	<SubTexture name="TANK TALK 3 P1 UNCUT0343" x="2978" y="7414" width="397" height="569" frameX="-120" frameY="-37" frameWidth="616" frameHeight="610"/>
	<SubTexture name="TANK TALK 3 P1 UNCUT0344" x="2978" y="7414" width="397" height="569" frameX="-120" frameY="-37" frameWidth="616" frameHeight="610"/>
	<SubTexture name="TANK TALK 3 P1 UNCUT0345" x="1684" y="7421" width="397" height="569" frameX="-120" frameY="-37" frameWidth="616" frameHeight="610"/>
	<SubTexture name="TANK TALK 3 P1 UNCUT0346" x="3119" y="6850" width="391" height="557" frameX="-119" frameY="-49" frameWidth="616" frameHeight="610"/>
	<SubTexture name="TANK TALK 3 P1 UNCUT0347" x="6439" y="577" width="391" height="557" frameX="-119" frameY="-49" frameWidth="616" frameHeight="610"/>
	<SubTexture name="TANK TALK 3 P1 UNCUT0348" x="3379" y="7417" width="372" height="595" frameX="-123" frameY="-10" frameWidth="616" frameHeight="610"/>
	<SubTexture name="TANK TALK 3 P1 UNCUT0349" x="3379" y="7417" width="372" height="595" frameX="-123" frameY="-10" frameWidth="616" frameHeight="610"/>
	<SubTexture name="TANK TALK 3 P1 UNCUT0350" x="5715" y="6720" width="370" height="595" frameX="-128" frameY="-10" frameWidth="616" frameHeight="610"/>
	<SubTexture name="TANK TALK 3 P1 UNCUT0351" x="4701" y="6873" width="370" height="595" frameX="-128" frameY="-10" frameWidth="616" frameHeight="610"/>
	<SubTexture name="TANK TALK 3 P1 UNCUT0352" x="4701" y="6873" width="370" height="595" frameX="-128" frameY="-10" frameWidth="616" frameHeight="610"/>
	<SubTexture name="TANK TALK 3 P1 UNCUT0353" x="6165" y="6147" width="370" height="596" frameX="-125" frameY="-9" frameWidth="616" frameHeight="610"/>
	<SubTexture name="TANK TALK 3 P1 UNCUT0354" x="6165" y="6147" width="370" height="596" frameX="-125" frameY="-9" frameWidth="616" frameHeight="610"/>
	<SubTexture name="TANK TALK 3 P1 UNCUT0355" x="4323" y="7441" width="370" height="595" frameX="-128" frameY="-10" frameWidth="616" frameHeight="610"/>
	<SubTexture name="TANK TALK 3 P1 UNCUT0356" x="4323" y="7441" width="370" height="595" frameX="-128" frameY="-10" frameWidth="616" frameHeight="610"/>
	<SubTexture name="TANK TALK 3 P1 UNCUT0357" x="6432" y="1144" width="374" height="584" frameX="-127" frameY="-21" frameWidth="616" frameHeight="610"/>
	<SubTexture name="TANK TALK 3 P1 UNCUT0358" x="6432" y="1144" width="374" height="584" frameX="-127" frameY="-21" frameWidth="616" frameHeight="610"/>
	<SubTexture name="TANK TALK 3 P1 UNCUT0359" x="2085" y="7421" width="369" height="605" frameX="-121" frameY="0" frameWidth="616" frameHeight="610"/>
	<SubTexture name="TANK TALK 3 P1 UNCUT0360" x="2085" y="7421" width="369" height="605" frameX="-121" frameY="0" frameWidth="616" frameHeight="610"/>
	<SubTexture name="TANK TALK 3 P1 UNCUT0361" x="4962" y="6270" width="371" height="599" frameX="-123" frameY="-6" frameWidth="616" frameHeight="610"/>
	<SubTexture name="TANK TALK 3 P1 UNCUT0362" x="3948" y="6847" width="371" height="599" frameX="-123" frameY="-6" frameWidth="616" frameHeight="610"/>
	<SubTexture name="TANK TALK 3 P1 UNCUT0363" x="3948" y="6847" width="371" height="599" frameX="-123" frameY="-6" frameWidth="616" frameHeight="610"/>
	<SubTexture name="TANK TALK 3 P1 UNCUT0364" x="3755" y="7450" width="369" height="596" frameX="-126" frameY="-9" frameWidth="616" frameHeight="610"/>
	<SubTexture name="TANK TALK 3 P1 UNCUT0365" x="5075" y="6873" width="369" height="596" frameX="-126" frameY="-9" frameWidth="616" frameHeight="610"/>
	<SubTexture name="TANK TALK 3 P1 UNCUT0366" x="5075" y="6873" width="369" height="596" frameX="-126" frameY="-9" frameWidth="616" frameHeight="610"/>
	<SubTexture name="TANK TALK 3 P1 UNCUT0367" x="5075" y="6873" width="369" height="596" frameX="-126" frameY="-9" frameWidth="616" frameHeight="610"/>
	<SubTexture name="TANK TALK 3 P1 UNCUT0368" x="4697" y="7472" width="369" height="596" frameX="-126" frameY="-9" frameWidth="616" frameHeight="610"/>
	<SubTexture name="TANK TALK 3 P1 UNCUT0369" x="4697" y="7472" width="369" height="596" frameX="-126" frameY="-9" frameWidth="616" frameHeight="610"/>
	<SubTexture name="TANK TALK 3 P1 UNCUT0370" x="4697" y="7472" width="369" height="596" frameX="-126" frameY="-9" frameWidth="616" frameHeight="610"/>
	<SubTexture name="TANK TALK 3 P1 UNCUT0371" x="6380" y="4413" width="368" height="595" frameX="-128" frameY="-10" frameWidth="616" frameHeight="610"/>
	<SubTexture name="TANK TALK 3 P1 UNCUT0372" x="6398" y="2883" width="368" height="595" frameX="-128" frameY="-10" frameWidth="616" frameHeight="610"/>
	<SubTexture name="TANK TALK 3 P1 UNCUT0373" x="6398" y="2883" width="368" height="595" frameX="-128" frameY="-10" frameWidth="616" frameHeight="610"/>
	<SubTexture name="TANK TALK 3 P1 UNCUT0374" x="4323" y="6847" width="374" height="590" frameX="-128" frameY="-15" frameWidth="616" frameHeight="610"/>
	<SubTexture name="TANK TALK 3 P1 UNCUT0375" x="5337" y="6270" width="374" height="590" frameX="-128" frameY="-15" frameWidth="616" frameHeight="610"/>
	<SubTexture name="TANK TALK 3 P1 UNCUT0376" x="5337" y="6270" width="374" height="590" frameX="-128" frameY="-15" frameWidth="616" frameHeight="610"/>
	<SubTexture name="TANK TALK 3 P1 UNCUT0377" x="5568" y="3259" width="414" height="576" frameX="-104" frameY="-30" frameWidth="616" frameHeight="610"/>
	<SubTexture name="TANK TALK 3 P1 UNCUT0378" x="5568" y="3259" width="414" height="576" frameX="-104" frameY="-30" frameWidth="616" frameHeight="610"/>
	<SubTexture name="TANK TALK 3 P1 UNCUT0379" x="6009" y="0" width="422" height="573" frameX="-98" frameY="-33" frameWidth="616" frameHeight="610"/>
	<SubTexture name="TANK TALK 3 P1 UNCUT0380" x="6009" y="0" width="422" height="573" frameX="-98" frameY="-33" frameWidth="616" frameHeight="610"/>
	<SubTexture name="TANK TALK 3 P1 UNCUT0381" x="3721" y="5696" width="424" height="573" frameX="-96" frameY="-33" frameWidth="616" frameHeight="610"/>
	<SubTexture name="TANK TALK 3 P1 UNCUT0382" x="3721" y="5696" width="424" height="573" frameX="-96" frameY="-33" frameWidth="616" frameHeight="610"/>
	<SubTexture name="TANK TALK 3 P1 UNCUT0383" x="3721" y="5696" width="424" height="573" frameX="-96" frameY="-33" frameWidth="616" frameHeight="610"/>
	<SubTexture name="TANK TALK 3 P1 UNCUT0384" x="3721" y="5696" width="424" height="573" frameX="-96" frameY="-33" frameWidth="616" frameHeight="610"/>
	<SubTexture name="TANK TALK 3 P1 UNCUT0385" x="3721" y="5696" width="424" height="573" frameX="-96" frameY="-33" frameWidth="616" frameHeight="610"/>
	<SubTexture name="TANK TALK 3 P1 UNCUT0386" x="3721" y="5696" width="424" height="573" frameX="-96" frameY="-33" frameWidth="616" frameHeight="610"/>
	<SubTexture name="TANK TALK 3 P1 UNCUT0387" x="3721" y="5696" width="424" height="573" frameX="-96" frameY="-33" frameWidth="616" frameHeight="610"/>
	<SubTexture name="TANK TALK 3 P1 UNCUT0388" x="3721" y="5696" width="424" height="573" frameX="-96" frameY="-33" frameWidth="616" frameHeight="610"/>
	<SubTexture name="TANK TALK 3 P1 UNCUT0389" x="3721" y="5696" width="424" height="573" frameX="-96" frameY="-33" frameWidth="616" frameHeight="610"/>
	<SubTexture name="TANK TALK 3 P1 UNCUT0390" x="3721" y="5696" width="424" height="573" frameX="-96" frameY="-33" frameWidth="616" frameHeight="610"/>
	<SubTexture name="TANK TALK 3 P1 UNCUT0391" x="3721" y="5696" width="424" height="573" frameX="-96" frameY="-33" frameWidth="616" frameHeight="610"/>
	<SubTexture name="TANK TALK 3 P1 UNCUT0392" x="3721" y="5696" width="424" height="573" frameX="-96" frameY="-33" frameWidth="616" frameHeight="610"/>
	<SubTexture name="TANK TALK 3 P1 UNCUT0393" x="3721" y="5696" width="424" height="573" frameX="-96" frameY="-33" frameWidth="616" frameHeight="610"/>
	<SubTexture name="TANK TALK 3 P1 UNCUT0394" x="3721" y="5696" width="424" height="573" frameX="-96" frameY="-33" frameWidth="616" frameHeight="610"/>
	<SubTexture name="TANK TALK 3 P1 UNCUT0395" x="3721" y="5696" width="424" height="573" frameX="-96" frameY="-33" frameWidth="616" frameHeight="610"/>
	<SubTexture name="TANK TALK 3 P1 UNCUT0396" x="3721" y="5696" width="424" height="573" frameX="-96" frameY="-33" frameWidth="616" frameHeight="610"/>
	<SubTexture name="TANK TALK 3 P1 UNCUT0397" x="3721" y="5696" width="424" height="573" frameX="-96" frameY="-33" frameWidth="616" frameHeight="610"/>
	<SubTexture name="TANK TALK 3 P1 UNCUT0398" x="3721" y="5696" width="424" height="573" frameX="-96" frameY="-33" frameWidth="616" frameHeight="610"/>
	<SubTexture name="TANK TALK 3 P1 UNCUT0399" x="3721" y="5696" width="424" height="573" frameX="-96" frameY="-33" frameWidth="616" frameHeight="610"/>
	<SubTexture name="TANK TALK 3 P1 UNCUT0400" x="3721" y="5696" width="424" height="573" frameX="-96" frameY="-33" frameWidth="616" frameHeight="610"/>
	<SubTexture name="TANK TALK 3 P1 UNCUT0401" x="3721" y="5696" width="424" height="573" frameX="-96" frameY="-33" frameWidth="616" frameHeight="610"/>
	<SubTexture name="TANK TALK 3 P1 UNCUT0402" x="3721" y="5696" width="424" height="573" frameX="-96" frameY="-33" frameWidth="616" frameHeight="610"/>
	<SubTexture name="TANK TALK 3 P1 UNCUT0403" x="3721" y="5696" width="424" height="573" frameX="-96" frameY="-33" frameWidth="616" frameHeight="610"/>
	<SubTexture name="TANK TALK 3 P1 UNCUT0404" x="3721" y="5696" width="424" height="573" frameX="-96" frameY="-33" frameWidth="616" frameHeight="610"/>
	<SubTexture name="TANK TALK 3 P1 UNCUT0405" x="3721" y="5696" width="424" height="573" frameX="-96" frameY="-33" frameWidth="616" frameHeight="610"/>
	<SubTexture name="TANK TALK 3 P1 UNCUT0406" x="3721" y="5696" width="424" height="573" frameX="-96" frameY="-33" frameWidth="616" frameHeight="610"/>
	<SubTexture name="TANK TALK 3 P1 UNCUT0407" x="3721" y="5696" width="424" height="573" frameX="-96" frameY="-33" frameWidth="616" frameHeight="610"/>
	<SubTexture name="TANK TALK 3 P1 UNCUT0408" x="3721" y="5696" width="424" height="573" frameX="-96" frameY="-33" frameWidth="616" frameHeight="610"/>
</TextureAtlas>
