﻿<?xml version="1.0" encoding="utf-8"?>
<TextureAtlas imagePath="tankTalkSong1.png">
	<!-- Created with Adobe Animate version 21.0.0.35450 -->
	<!-- http://www.adobe.com/products/animate.html -->
	<SubTexture name="TANK TALK 1 P10000" x="2974" y="2302" width="392" height="572" frameX="-2" frameY="-4" frameWidth="397" frameHeight="576"/>
	<SubTexture name="TANK TALK 1 P10001" x="2974" y="2302" width="392" height="572" frameX="-2" frameY="-4" frameWidth="397" frameHeight="576"/>
	<SubTexture name="TANK TALK 1 P10002" x="2775" y="3452" width="392" height="567" frameX="-2" frameY="-9" frameWidth="397" frameHeight="576"/>
	<SubTexture name="TANK TALK 1 P10003" x="2775" y="3452" width="392" height="567" frameX="-2" frameY="-9" frameWidth="397" frameHeight="576"/>
	<SubTexture name="TANK TALK 1 P10004" x="7732" y="2880" width="392" height="569" frameX="-3" frameY="-7" frameWidth="397" frameHeight="576"/>
	<SubTexture name="TANK TALK 1 P10005" x="7732" y="2880" width="392" height="569" frameX="-3" frameY="-7" frameWidth="397" frameHeight="576"/>
	<SubTexture name="TANK TALK 1 P10006" x="792" y="2881" width="392" height="569" frameX="-3" frameY="-7" frameWidth="397" frameHeight="576"/>
	<SubTexture name="TANK TALK 1 P10007" x="1188" y="2881" width="392" height="569" frameX="-3" frameY="-7" frameWidth="397" frameHeight="576"/>
	<SubTexture name="TANK TALK 1 P10008" x="1188" y="2881" width="392" height="569" frameX="-3" frameY="-7" frameWidth="397" frameHeight="576"/>
	<SubTexture name="TANK TALK 1 P10009" x="1584" y="2881" width="392" height="569" frameX="-3" frameY="-7" frameWidth="397" frameHeight="576"/>
	<SubTexture name="TANK TALK 1 P10010" x="1584" y="2881" width="392" height="569" frameX="-3" frameY="-7" frameWidth="397" frameHeight="576"/>
	<SubTexture name="TANK TALK 1 P10011" x="3869" y="2882" width="392" height="569" frameX="-3" frameY="-7" frameWidth="397" frameHeight="576"/>
	<SubTexture name="TANK TALK 1 P10012" x="3869" y="2882" width="392" height="569" frameX="-3" frameY="-7" frameWidth="397" frameHeight="576"/>
	<SubTexture name="TANK TALK 1 P10013" x="0" y="2888" width="392" height="569" frameX="-3" frameY="-7" frameWidth="397" frameHeight="576"/>
	<SubTexture name="TANK TALK 1 P10014" x="5059" y="3453" width="392" height="564" frameX="-3" frameY="-12" frameWidth="397" frameHeight="576"/>
	<SubTexture name="TANK TALK 1 P10015" x="5059" y="3453" width="392" height="564" frameX="-3" frameY="-12" frameWidth="397" frameHeight="576"/>
	<SubTexture name="TANK TALK 1 P10016" x="7335" y="2880" width="393" height="568" frameX="-1" frameY="-8" frameWidth="397" frameHeight="576"/>
	<SubTexture name="TANK TALK 1 P10017" x="7335" y="2880" width="393" height="568" frameX="-1" frameY="-8" frameWidth="397" frameHeight="576"/>
	<SubTexture name="TANK TALK 1 P10018" x="4558" y="2306" width="393" height="569" frameX="-1" frameY="-7" frameWidth="397" frameHeight="576"/>
	<SubTexture name="TANK TALK 1 P10019" x="4955" y="2306" width="393" height="569" frameX="-1" frameY="-7" frameWidth="397" frameHeight="576"/>
	<SubTexture name="TANK TALK 1 P10020" x="5352" y="2306" width="393" height="569" frameX="-1" frameY="-7" frameWidth="397" frameHeight="576"/>
	<SubTexture name="TANK TALK 1 P10021" x="5749" y="2306" width="393" height="569" frameX="-1" frameY="-7" frameWidth="397" frameHeight="576"/>
	<SubTexture name="TANK TALK 1 P10022" x="5749" y="2306" width="393" height="569" frameX="-1" frameY="-7" frameWidth="397" frameHeight="576"/>
	<SubTexture name="TANK TALK 1 P10023" x="6146" y="2306" width="393" height="569" frameX="-1" frameY="-7" frameWidth="397" frameHeight="576"/>
	<SubTexture name="TANK TALK 1 P10024" x="4265" y="3453" width="393" height="563" frameX="-1" frameY="-13" frameWidth="397" frameHeight="576"/>
	<SubTexture name="TANK TALK 1 P10025" x="4662" y="3453" width="393" height="563" frameX="-1" frameY="-13" frameWidth="397" frameHeight="576"/>
	<SubTexture name="TANK TALK 1 P10026" x="7335" y="3452" width="392" height="567" frameX="-3" frameY="-9" frameWidth="397" frameHeight="576"/>
	<SubTexture name="TANK TALK 1 P10027" x="3171" y="3453" width="392" height="567" frameX="-3" frameY="-9" frameWidth="397" frameHeight="576"/>
	<SubTexture name="TANK TALK 1 P10028" x="396" y="2894" width="392" height="569" frameX="-3" frameY="-7" frameWidth="397" frameHeight="576"/>
	<SubTexture name="TANK TALK 1 P10029" x="396" y="2894" width="392" height="569" frameX="-3" frameY="-7" frameWidth="397" frameHeight="576"/>
	<SubTexture name="TANK TALK 1 P10030" x="6538" y="3447" width="392" height="569" frameX="-3" frameY="-7" frameWidth="397" frameHeight="576"/>
	<SubTexture name="TANK TALK 1 P10031" x="2379" y="3452" width="392" height="569" frameX="-3" frameY="-7" frameWidth="397" frameHeight="576"/>
	<SubTexture name="TANK TALK 1 P10032" x="2379" y="3452" width="392" height="569" frameX="-3" frameY="-7" frameWidth="397" frameHeight="576"/>
	<SubTexture name="TANK TALK 1 P10033" x="6543" y="2306" width="397" height="563" frameX="0" frameY="-13" frameWidth="397" frameHeight="576"/>
	<SubTexture name="TANK TALK 1 P10034" x="6543" y="2306" width="397" height="563" frameX="0" frameY="-13" frameWidth="397" frameHeight="576"/>
	<SubTexture name="TANK TALK 1 P10035" x="401" y="1740" width="390" height="576" frameX="-4" frameY="0" frameWidth="397" frameHeight="576"/>
	<SubTexture name="TANK TALK 1 P10036" x="401" y="1740" width="390" height="576" frameX="-4" frameY="0" frameWidth="397" frameHeight="576"/>
	<SubTexture name="TANK TALK 1 P10037" x="3370" y="2302" width="392" height="572" frameX="-2" frameY="-4" frameWidth="397" frameHeight="576"/>
	<SubTexture name="TANK TALK 1 P10038" x="3370" y="2302" width="392" height="572" frameX="-2" frameY="-4" frameWidth="397" frameHeight="576"/>
	<SubTexture name="TANK TALK 1 P10039" x="3766" y="2303" width="392" height="572" frameX="-2" frameY="-4" frameWidth="397" frameHeight="576"/>
	<SubTexture name="TANK TALK 1 P10040" x="3766" y="2303" width="392" height="572" frameX="-2" frameY="-4" frameWidth="397" frameHeight="576"/>
	<SubTexture name="TANK TALK 1 P10041" x="3766" y="2303" width="392" height="572" frameX="-2" frameY="-4" frameWidth="397" frameHeight="576"/>
	<SubTexture name="TANK TALK 1 P10042" x="2974" y="2302" width="392" height="572" frameX="-2" frameY="-4" frameWidth="397" frameHeight="576"/>
	<SubTexture name="TANK TALK 1 P10043" x="2974" y="2302" width="392" height="572" frameX="-2" frameY="-4" frameWidth="397" frameHeight="576"/>
	<SubTexture name="TANK TALK 1 P10044" x="2285" y="2304" width="392" height="572" frameX="-2" frameY="-4" frameWidth="397" frameHeight="576"/>
	<SubTexture name="TANK TALK 1 P10045" x="2285" y="2304" width="392" height="572" frameX="-2" frameY="-4" frameWidth="397" frameHeight="576"/>
	<SubTexture name="TANK TALK 1 P10046" x="7735" y="2304" width="392" height="572" frameX="-2" frameY="-4" frameWidth="397" frameHeight="576"/>
	<SubTexture name="TANK TALK 1 P10047" x="7735" y="2304" width="392" height="572" frameX="-2" frameY="-4" frameWidth="397" frameHeight="576"/>
	<SubTexture name="TANK TALK 1 P10048" x="795" y="2305" width="392" height="572" frameX="-2" frameY="-4" frameWidth="397" frameHeight="576"/>
	<SubTexture name="TANK TALK 1 P10049" x="795" y="2305" width="392" height="572" frameX="-2" frameY="-4" frameWidth="397" frameHeight="576"/>
	<SubTexture name="TANK TALK 1 P10050" x="1191" y="2305" width="392" height="572" frameX="-2" frameY="-4" frameWidth="397" frameHeight="576"/>
	<SubTexture name="TANK TALK 1 P10051" x="1587" y="2305" width="392" height="572" frameX="-2" frameY="-4" frameWidth="397" frameHeight="576"/>
	<SubTexture name="TANK TALK 1 P10052" x="4162" y="2306" width="392" height="572" frameX="-2" frameY="-4" frameWidth="397" frameHeight="576"/>
	<SubTexture name="TANK TALK 1 P10053" x="3473" y="2879" width="392" height="570" frameX="-2" frameY="-6" frameWidth="397" frameHeight="576"/>
	<SubTexture name="TANK TALK 1 P10054" x="3473" y="2879" width="392" height="570" frameX="-2" frameY="-6" frameWidth="397" frameHeight="576"/>
	<SubTexture name="TANK TALK 1 P10055" x="4558" y="2879" width="392" height="570" frameX="-2" frameY="-6" frameWidth="397" frameHeight="576"/>
	<SubTexture name="TANK TALK 1 P10056" x="4558" y="2879" width="392" height="570" frameX="-2" frameY="-6" frameWidth="397" frameHeight="576"/>
	<SubTexture name="TANK TALK 1 P10057" x="4954" y="2879" width="392" height="570" frameX="-2" frameY="-6" frameWidth="397" frameHeight="576"/>
	<SubTexture name="TANK TALK 1 P10058" x="4954" y="2879" width="392" height="570" frameX="-2" frameY="-6" frameWidth="397" frameHeight="576"/>
	<SubTexture name="TANK TALK 1 P10059" x="5350" y="2879" width="392" height="570" frameX="-2" frameY="-6" frameWidth="397" frameHeight="576"/>
	<SubTexture name="TANK TALK 1 P10060" x="5350" y="2879" width="392" height="570" frameX="-2" frameY="-6" frameWidth="397" frameHeight="576"/>
	<SubTexture name="TANK TALK 1 P10061" x="5746" y="2879" width="392" height="570" frameX="-2" frameY="-6" frameWidth="397" frameHeight="576"/>
	<SubTexture name="TANK TALK 1 P10062" x="5746" y="2879" width="392" height="570" frameX="-2" frameY="-6" frameWidth="397" frameHeight="576"/>
	<SubTexture name="TANK TALK 1 P10063" x="6142" y="2879" width="392" height="570" frameX="-2" frameY="-6" frameWidth="397" frameHeight="576"/>
	<SubTexture name="TANK TALK 1 P10064" x="6142" y="2879" width="392" height="570" frameX="-2" frameY="-6" frameWidth="397" frameHeight="576"/>
	<SubTexture name="TANK TALK 1 P10065" x="1983" y="2880" width="392" height="570" frameX="-2" frameY="-6" frameWidth="397" frameHeight="576"/>
	<SubTexture name="TANK TALK 1 P10066" x="1983" y="2880" width="392" height="570" frameX="-2" frameY="-6" frameWidth="397" frameHeight="576"/>
	<SubTexture name="TANK TALK 1 P10067" x="6939" y="2880" width="392" height="570" frameX="-2" frameY="-6" frameWidth="397" frameHeight="576"/>
	<SubTexture name="TANK TALK 1 P10068" x="6939" y="2880" width="392" height="570" frameX="-2" frameY="-6" frameWidth="397" frameHeight="576"/>
	<SubTexture name="TANK TALK 1 P10069" x="6939" y="2880" width="392" height="570" frameX="-2" frameY="-6" frameWidth="397" frameHeight="576"/>
	<SubTexture name="TANK TALK 1 P10070" x="6939" y="2880" width="392" height="570" frameX="-2" frameY="-6" frameWidth="397" frameHeight="576"/>
	<SubTexture name="TANK TALK 1 P10071" x="6939" y="2880" width="392" height="570" frameX="-2" frameY="-6" frameWidth="397" frameHeight="576"/>
	<SubTexture name="TANK TALK 1 P10072" x="6939" y="2880" width="392" height="570" frameX="-2" frameY="-6" frameWidth="397" frameHeight="576"/>
	<SubTexture name="TANK TALK 1 P10073" x="6939" y="2880" width="392" height="570" frameX="-2" frameY="-6" frameWidth="397" frameHeight="576"/>
	<SubTexture name="TANK TALK 1 P10074" x="6939" y="2880" width="392" height="570" frameX="-2" frameY="-6" frameWidth="397" frameHeight="576"/>
	<SubTexture name="TANK TALK 1 P10075" x="6939" y="2880" width="392" height="570" frameX="-2" frameY="-6" frameWidth="397" frameHeight="576"/>
	<SubTexture name="TANK TALK 1 P10076" x="6939" y="2880" width="392" height="570" frameX="-2" frameY="-6" frameWidth="397" frameHeight="576"/>
	<SubTexture name="TANK TALK 1 P10077" x="6939" y="2880" width="392" height="570" frameX="-2" frameY="-6" frameWidth="397" frameHeight="576"/>
	<SubTexture name="TANK TALK 1 P10078" x="6939" y="2880" width="392" height="570" frameX="-2" frameY="-6" frameWidth="397" frameHeight="576"/>
	<SubTexture name="TANK TALK 1 P10079" x="6939" y="2880" width="392" height="570" frameX="-2" frameY="-6" frameWidth="397" frameHeight="576"/>
	<SubTexture name="TANK TALK 1 P20000" x="6944" y="2306" width="392" height="570" frameX="-40" frameY="-15" frameWidth="556" frameHeight="586"/>
	<SubTexture name="TANK TALK 1 P20001" x="0" y="2314" width="392" height="570" frameX="-40" frameY="-15" frameWidth="556" frameHeight="586"/>
	<SubTexture name="TANK TALK 1 P20002" x="0" y="2314" width="392" height="570" frameX="-40" frameY="-15" frameWidth="556" frameHeight="586"/>
	<SubTexture name="TANK TALK 1 P20003" x="396" y="2320" width="392" height="570" frameX="-40" frameY="-15" frameWidth="556" frameHeight="586"/>
	<SubTexture name="TANK TALK 1 P20004" x="396" y="2320" width="392" height="570" frameX="-40" frameY="-15" frameWidth="556" frameHeight="586"/>
	<SubTexture name="TANK TALK 1 P20005" x="6944" y="2306" width="392" height="570" frameX="-40" frameY="-15" frameWidth="556" frameHeight="586"/>
	<SubTexture name="TANK TALK 1 P20006" x="6944" y="2306" width="392" height="570" frameX="-40" frameY="-15" frameWidth="556" frameHeight="586"/>
	<SubTexture name="TANK TALK 1 P20007" x="6543" y="2873" width="392" height="570" frameX="-40" frameY="-15" frameWidth="556" frameHeight="586"/>
	<SubTexture name="TANK TALK 1 P20008" x="6543" y="2873" width="392" height="570" frameX="-40" frameY="-15" frameWidth="556" frameHeight="586"/>
	<SubTexture name="TANK TALK 1 P20009" x="0" y="2314" width="392" height="570" frameX="-40" frameY="-15" frameWidth="556" frameHeight="586"/>
	<SubTexture name="TANK TALK 1 P20010" x="0" y="2314" width="392" height="570" frameX="-40" frameY="-15" frameWidth="556" frameHeight="586"/>
	<SubTexture name="TANK TALK 1 P20011" x="6944" y="2306" width="392" height="570" frameX="-40" frameY="-15" frameWidth="556" frameHeight="586"/>
	<SubTexture name="TANK TALK 1 P20012" x="6944" y="2306" width="392" height="570" frameX="-40" frameY="-15" frameWidth="556" frameHeight="586"/>
	<SubTexture name="TANK TALK 1 P20013" x="2681" y="2878" width="392" height="570" frameX="-40" frameY="-15" frameWidth="556" frameHeight="586"/>
	<SubTexture name="TANK TALK 1 P20014" x="6543" y="2873" width="392" height="570" frameX="-40" frameY="-15" frameWidth="556" frameHeight="586"/>
	<SubTexture name="TANK TALK 1 P20015" x="6543" y="2873" width="392" height="570" frameX="-40" frameY="-15" frameWidth="556" frameHeight="586"/>
	<SubTexture name="TANK TALK 1 P20016" x="3077" y="2878" width="392" height="570" frameX="-40" frameY="-15" frameWidth="556" frameHeight="586"/>
	<SubTexture name="TANK TALK 1 P20017" x="5643" y="1732" width="397" height="570" frameX="-40" frameY="-15" frameWidth="556" frameHeight="586"/>
	<SubTexture name="TANK TALK 1 P20018" x="5643" y="1732" width="397" height="570" frameX="-40" frameY="-15" frameWidth="556" frameHeight="586"/>
	<SubTexture name="TANK TALK 1 P20019" x="0" y="1740" width="397" height="570" frameX="-40" frameY="-15" frameWidth="556" frameHeight="586"/>
	<SubTexture name="TANK TALK 1 P20020" x="4833" y="1732" width="401" height="570" frameX="-40" frameY="-15" frameWidth="556" frameHeight="586"/>
	<SubTexture name="TANK TALK 1 P20021" x="4833" y="1732" width="401" height="570" frameX="-40" frameY="-15" frameWidth="556" frameHeight="586"/>
	<SubTexture name="TANK TALK 1 P20022" x="5238" y="1732" width="401" height="570" frameX="-40" frameY="-15" frameWidth="556" frameHeight="586"/>
	<SubTexture name="TANK TALK 1 P20023" x="5238" y="1732" width="401" height="570" frameX="-40" frameY="-15" frameWidth="556" frameHeight="586"/>
	<SubTexture name="TANK TALK 1 P20024" x="4403" y="1732" width="426" height="570" frameX="-40" frameY="-15" frameWidth="556" frameHeight="586"/>
	<SubTexture name="TANK TALK 1 P20025" x="0" y="590" width="501" height="570" frameX="-49" frameY="-15" frameWidth="556" frameHeight="586"/>
	<SubTexture name="TANK TALK 1 P20026" x="505" y="590" width="501" height="570" frameX="-49" frameY="-15" frameWidth="556" frameHeight="586"/>
	<SubTexture name="TANK TALK 1 P20027" x="6411" y="1156" width="495" height="570" frameX="-46" frameY="-15" frameWidth="556" frameHeight="586"/>
	<SubTexture name="TANK TALK 1 P20028" x="6910" y="1156" width="495" height="570" frameX="-46" frameY="-15" frameWidth="556" frameHeight="586"/>
	<SubTexture name="TANK TALK 1 P20029" x="6910" y="1156" width="495" height="570" frameX="-46" frameY="-15" frameWidth="556" frameHeight="586"/>
	<SubTexture name="TANK TALK 1 P20030" x="7409" y="1156" width="495" height="570" frameX="-46" frameY="-15" frameWidth="556" frameHeight="586"/>
	<SubTexture name="TANK TALK 1 P20031" x="7409" y="1156" width="495" height="570" frameX="-46" frameY="-15" frameWidth="556" frameHeight="586"/>
	<SubTexture name="TANK TALK 1 P20032" x="1010" y="1158" width="495" height="570" frameX="-46" frameY="-15" frameWidth="556" frameHeight="586"/>
	<SubTexture name="TANK TALK 1 P20033" x="1010" y="1158" width="495" height="570" frameX="-46" frameY="-15" frameWidth="556" frameHeight="586"/>
	<SubTexture name="TANK TALK 1 P20034" x="1509" y="1158" width="495" height="570" frameX="-46" frameY="-15" frameWidth="556" frameHeight="586"/>
	<SubTexture name="TANK TALK 1 P20035" x="1509" y="1158" width="495" height="570" frameX="-46" frameY="-15" frameWidth="556" frameHeight="586"/>
	<SubTexture name="TANK TALK 1 P20036" x="2008" y="1158" width="495" height="570" frameX="-46" frameY="-15" frameWidth="556" frameHeight="586"/>
	<SubTexture name="TANK TALK 1 P20037" x="2008" y="1158" width="495" height="570" frameX="-46" frameY="-15" frameWidth="556" frameHeight="586"/>
	<SubTexture name="TANK TALK 1 P20038" x="4287" y="1158" width="495" height="570" frameX="-46" frameY="-15" frameWidth="556" frameHeight="586"/>
	<SubTexture name="TANK TALK 1 P20039" x="4287" y="1158" width="495" height="570" frameX="-46" frameY="-15" frameWidth="556" frameHeight="586"/>
	<SubTexture name="TANK TALK 1 P20040" x="4287" y="1158" width="495" height="570" frameX="-46" frameY="-15" frameWidth="556" frameHeight="586"/>
	<SubTexture name="TANK TALK 1 P20041" x="4786" y="1158" width="495" height="570" frameX="-46" frameY="-15" frameWidth="556" frameHeight="586"/>
	<SubTexture name="TANK TALK 1 P20042" x="4786" y="1158" width="495" height="570" frameX="-46" frameY="-15" frameWidth="556" frameHeight="586"/>
	<SubTexture name="TANK TALK 1 P20043" x="5285" y="1158" width="495" height="570" frameX="-46" frameY="-15" frameWidth="556" frameHeight="586"/>
	<SubTexture name="TANK TALK 1 P20044" x="5285" y="1158" width="495" height="570" frameX="-46" frameY="-15" frameWidth="556" frameHeight="586"/>
	<SubTexture name="TANK TALK 1 P20045" x="5784" y="1158" width="495" height="570" frameX="-46" frameY="-15" frameWidth="556" frameHeight="586"/>
	<SubTexture name="TANK TALK 1 P20046" x="5784" y="1158" width="495" height="570" frameX="-46" frameY="-15" frameWidth="556" frameHeight="586"/>
	<SubTexture name="TANK TALK 1 P20047" x="5784" y="1158" width="495" height="570" frameX="-46" frameY="-15" frameWidth="556" frameHeight="586"/>
	<SubTexture name="TANK TALK 1 P20048" x="1010" y="1158" width="495" height="570" frameX="-46" frameY="-15" frameWidth="556" frameHeight="586"/>
	<SubTexture name="TANK TALK 1 P20049" x="3002" y="1162" width="495" height="560" frameX="-46" frameY="-25" frameWidth="556" frameHeight="586"/>
	<SubTexture name="TANK TALK 1 P20050" x="3501" y="1162" width="491" height="560" frameX="-48" frameY="-25" frameWidth="556" frameHeight="586"/>
	<SubTexture name="TANK TALK 1 P20051" x="2507" y="1162" width="491" height="565" frameX="-48" frameY="-20" frameWidth="556" frameHeight="586"/>
	<SubTexture name="TANK TALK 1 P20052" x="0" y="0" width="544" height="586" frameX="0" frameY="0" frameWidth="556" frameHeight="586"/>
	<SubTexture name="TANK TALK 1 P20053" x="548" y="0" width="544" height="586" frameX="0" frameY="0" frameWidth="556" frameHeight="586"/>
	<SubTexture name="TANK TALK 1 P20054" x="1096" y="0" width="530" height="578" frameX="-11" frameY="-7" frameWidth="556" frameHeight="586"/>
	<SubTexture name="TANK TALK 1 P20055" x="1630" y="0" width="530" height="578" frameX="-11" frameY="-7" frameWidth="556" frameHeight="586"/>
	<SubTexture name="TANK TALK 1 P20056" x="2164" y="0" width="527" height="578" frameX="-14" frameY="-7" frameWidth="556" frameHeight="586"/>
	<SubTexture name="TANK TALK 1 P20057" x="2695" y="0" width="527" height="577" frameX="-14" frameY="-8" frameWidth="556" frameHeight="586"/>
	<SubTexture name="TANK TALK 1 P20058" x="2695" y="0" width="527" height="577" frameX="-14" frameY="-8" frameWidth="556" frameHeight="586"/>
	<SubTexture name="TANK TALK 1 P20059" x="3226" y="0" width="527" height="577" frameX="-14" frameY="-8" frameWidth="556" frameHeight="586"/>
	<SubTexture name="TANK TALK 1 P20060" x="3226" y="0" width="527" height="577" frameX="-14" frameY="-8" frameWidth="556" frameHeight="586"/>
	<SubTexture name="TANK TALK 1 P20061" x="2695" y="0" width="527" height="577" frameX="-14" frameY="-8" frameWidth="556" frameHeight="586"/>
	<SubTexture name="TANK TALK 1 P20062" x="2695" y="0" width="527" height="577" frameX="-14" frameY="-8" frameWidth="556" frameHeight="586"/>
	<SubTexture name="TANK TALK 1 P20063" x="3757" y="0" width="527" height="577" frameX="-14" frameY="-8" frameWidth="556" frameHeight="586"/>
	<SubTexture name="TANK TALK 1 P20064" x="3757" y="0" width="527" height="577" frameX="-14" frameY="-8" frameWidth="556" frameHeight="586"/>
	<SubTexture name="TANK TALK 1 P20065" x="4288" y="0" width="527" height="577" frameX="-14" frameY="-8" frameWidth="556" frameHeight="586"/>
	<SubTexture name="TANK TALK 1 P20066" x="4288" y="0" width="527" height="577" frameX="-14" frameY="-8" frameWidth="556" frameHeight="586"/>
	<SubTexture name="TANK TALK 1 P20067" x="4819" y="0" width="527" height="577" frameX="-14" frameY="-8" frameWidth="556" frameHeight="586"/>
	<SubTexture name="TANK TALK 1 P20068" x="4819" y="0" width="527" height="577" frameX="-14" frameY="-8" frameWidth="556" frameHeight="586"/>
	<SubTexture name="TANK TALK 1 P20069" x="5350" y="0" width="527" height="577" frameX="-14" frameY="-8" frameWidth="556" frameHeight="586"/>
	<SubTexture name="TANK TALK 1 P20070" x="5350" y="0" width="527" height="577" frameX="-14" frameY="-8" frameWidth="556" frameHeight="586"/>
	<SubTexture name="TANK TALK 1 P20071" x="3757" y="0" width="527" height="577" frameX="-14" frameY="-8" frameWidth="556" frameHeight="586"/>
	<SubTexture name="TANK TALK 1 P20072" x="5881" y="0" width="527" height="577" frameX="-14" frameY="-8" frameWidth="556" frameHeight="586"/>
	<SubTexture name="TANK TALK 1 P20073" x="5881" y="0" width="527" height="577" frameX="-14" frameY="-8" frameWidth="556" frameHeight="586"/>
	<SubTexture name="TANK TALK 1 P20074" x="6412" y="0" width="527" height="577" frameX="-14" frameY="-8" frameWidth="556" frameHeight="586"/>
	<SubTexture name="TANK TALK 1 P20075" x="6412" y="0" width="527" height="577" frameX="-14" frameY="-8" frameWidth="556" frameHeight="586"/>
	<SubTexture name="TANK TALK 1 P20076" x="6412" y="0" width="527" height="577" frameX="-14" frameY="-8" frameWidth="556" frameHeight="586"/>
	<SubTexture name="TANK TALK 1 P20077" x="3226" y="0" width="527" height="577" frameX="-14" frameY="-8" frameWidth="556" frameHeight="586"/>
	<SubTexture name="TANK TALK 1 P20078" x="3226" y="0" width="527" height="577" frameX="-14" frameY="-8" frameWidth="556" frameHeight="586"/>
	<SubTexture name="TANK TALK 1 P20079" x="6943" y="0" width="527" height="577" frameX="-14" frameY="-8" frameWidth="556" frameHeight="586"/>
	<SubTexture name="TANK TALK 1 P20080" x="6943" y="0" width="527" height="577" frameX="-14" frameY="-8" frameWidth="556" frameHeight="586"/>
	<SubTexture name="TANK TALK 1 P20081" x="6943" y="0" width="527" height="577" frameX="-14" frameY="-8" frameWidth="556" frameHeight="586"/>
	<SubTexture name="TANK TALK 1 P20082" x="7474" y="0" width="527" height="577" frameX="-14" frameY="-8" frameWidth="556" frameHeight="586"/>
	<SubTexture name="TANK TALK 1 P20083" x="7474" y="0" width="527" height="577" frameX="-14" frameY="-8" frameWidth="556" frameHeight="586"/>
	<SubTexture name="TANK TALK 1 P20084" x="2695" y="581" width="527" height="577" frameX="-14" frameY="-8" frameWidth="556" frameHeight="586"/>
	<SubTexture name="TANK TALK 1 P20085" x="2695" y="581" width="527" height="577" frameX="-14" frameY="-8" frameWidth="556" frameHeight="586"/>
	<SubTexture name="TANK TALK 1 P20086" x="3226" y="581" width="527" height="577" frameX="-14" frameY="-8" frameWidth="556" frameHeight="586"/>
	<SubTexture name="TANK TALK 1 P20087" x="3226" y="581" width="527" height="577" frameX="-14" frameY="-8" frameWidth="556" frameHeight="586"/>
	<SubTexture name="TANK TALK 1 P20088" x="3757" y="581" width="526" height="577" frameX="-15" frameY="-8" frameWidth="556" frameHeight="586"/>
	<SubTexture name="TANK TALK 1 P20089" x="7473" y="581" width="526" height="571" frameX="-15" frameY="-14" frameWidth="556" frameHeight="586"/>
	<SubTexture name="TANK TALK 1 P20090" x="7473" y="581" width="526" height="571" frameX="-15" frameY="-14" frameWidth="556" frameHeight="586"/>
	<SubTexture name="TANK TALK 1 P20091" x="6411" y="581" width="527" height="571" frameX="-14" frameY="-14" frameWidth="556" frameHeight="586"/>
	<SubTexture name="TANK TALK 1 P20092" x="4287" y="581" width="527" height="573" frameX="-14" frameY="-12" frameWidth="556" frameHeight="586"/>
	<SubTexture name="TANK TALK 1 P20093" x="4287" y="581" width="527" height="573" frameX="-14" frameY="-12" frameWidth="556" frameHeight="586"/>
	<SubTexture name="TANK TALK 1 P20094" x="4287" y="581" width="527" height="573" frameX="-14" frameY="-12" frameWidth="556" frameHeight="586"/>
	<SubTexture name="TANK TALK 1 P20095" x="4818" y="581" width="527" height="573" frameX="-14" frameY="-12" frameWidth="556" frameHeight="586"/>
	<SubTexture name="TANK TALK 1 P20096" x="4818" y="581" width="527" height="573" frameX="-14" frameY="-12" frameWidth="556" frameHeight="586"/>
	<SubTexture name="TANK TALK 1 P20097" x="5349" y="581" width="527" height="573" frameX="-14" frameY="-12" frameWidth="556" frameHeight="586"/>
	<SubTexture name="TANK TALK 1 P20098" x="5349" y="581" width="527" height="573" frameX="-14" frameY="-12" frameWidth="556" frameHeight="586"/>
	<SubTexture name="TANK TALK 1 P20099" x="5349" y="581" width="527" height="573" frameX="-14" frameY="-12" frameWidth="556" frameHeight="586"/>
	<SubTexture name="TANK TALK 1 P20100" x="5880" y="581" width="527" height="573" frameX="-14" frameY="-12" frameWidth="556" frameHeight="586"/>
	<SubTexture name="TANK TALK 1 P20101" x="5880" y="581" width="527" height="573" frameX="-14" frameY="-12" frameWidth="556" frameHeight="586"/>
	<SubTexture name="TANK TALK 1 P20102" x="5880" y="581" width="527" height="573" frameX="-14" frameY="-12" frameWidth="556" frameHeight="586"/>
	<SubTexture name="TANK TALK 1 P20103" x="5880" y="581" width="527" height="573" frameX="-14" frameY="-12" frameWidth="556" frameHeight="586"/>
	<SubTexture name="TANK TALK 1 P20104" x="5880" y="581" width="527" height="573" frameX="-14" frameY="-12" frameWidth="556" frameHeight="586"/>
	<SubTexture name="TANK TALK 1 P20105" x="6942" y="581" width="527" height="571" frameX="-14" frameY="-14" frameWidth="556" frameHeight="586"/>
	<SubTexture name="TANK TALK 1 P20106" x="6942" y="581" width="527" height="571" frameX="-14" frameY="-14" frameWidth="556" frameHeight="586"/>
	<SubTexture name="TANK TALK 1 P20107" x="2507" y="1731" width="463" height="569" frameX="-50" frameY="-16" frameWidth="556" frameHeight="586"/>
	<SubTexture name="TANK TALK 1 P20108" x="2507" y="1731" width="463" height="569" frameX="-50" frameY="-16" frameWidth="556" frameHeight="586"/>
	<SubTexture name="TANK TALK 1 P20109" x="0" y="1164" width="480" height="572" frameX="-40" frameY="-13" frameWidth="556" frameHeight="586"/>
	<SubTexture name="TANK TALK 1 P20110" x="0" y="1164" width="480" height="572" frameX="-40" frameY="-13" frameWidth="556" frameHeight="586"/>
	<SubTexture name="TANK TALK 1 P20111" x="484" y="1164" width="480" height="572" frameX="-40" frameY="-13" frameWidth="556" frameHeight="586"/>
	<SubTexture name="TANK TALK 1 P20112" x="3002" y="1726" width="480" height="572" frameX="-40" frameY="-13" frameWidth="556" frameHeight="586"/>
	<SubTexture name="TANK TALK 1 P20113" x="3002" y="1726" width="480" height="572" frameX="-40" frameY="-13" frameWidth="556" frameHeight="586"/>
	<SubTexture name="TANK TALK 1 P20114" x="3486" y="1726" width="480" height="572" frameX="-40" frameY="-13" frameWidth="556" frameHeight="586"/>
	<SubTexture name="TANK TALK 1 P20115" x="3486" y="1726" width="480" height="572" frameX="-40" frameY="-13" frameWidth="556" frameHeight="586"/>
	<SubTexture name="TANK TALK 1 P20116" x="6283" y="1730" width="480" height="572" frameX="-40" frameY="-13" frameWidth="556" frameHeight="586"/>
	<SubTexture name="TANK TALK 1 P20117" x="6283" y="1730" width="480" height="572" frameX="-40" frameY="-13" frameWidth="556" frameHeight="586"/>
	<SubTexture name="TANK TALK 1 P20118" x="6767" y="1730" width="480" height="572" frameX="-40" frameY="-13" frameWidth="556" frameHeight="586"/>
	<SubTexture name="TANK TALK 1 P20119" x="6767" y="1730" width="480" height="572" frameX="-40" frameY="-13" frameWidth="556" frameHeight="586"/>
	<SubTexture name="TANK TALK 1 P20120" x="7251" y="1730" width="480" height="572" frameX="-40" frameY="-13" frameWidth="556" frameHeight="586"/>
	<SubTexture name="TANK TALK 1 P20121" x="1616" y="582" width="503" height="572" frameX="-40" frameY="-13" frameWidth="556" frameHeight="586"/>
	<SubTexture name="TANK TALK 1 P20122" x="2123" y="582" width="503" height="572" frameX="-40" frameY="-13" frameWidth="556" frameHeight="586"/>
	<SubTexture name="TANK TALK 1 P20123" x="1096" y="582" width="516" height="572" frameX="-40" frameY="-13" frameWidth="556" frameHeight="586"/>
	<SubTexture name="TANK TALK 1 P20124" x="3970" y="1732" width="429" height="567" frameX="-39" frameY="-18" frameWidth="556" frameHeight="586"/>
	<SubTexture name="TANK TALK 1 P20125" x="3970" y="1732" width="429" height="567" frameX="-39" frameY="-18" frameWidth="556" frameHeight="586"/>
	<SubTexture name="TANK TALK 1 P20126" x="7735" y="1730" width="435" height="570" frameX="-40" frameY="-15" frameWidth="556" frameHeight="586"/>
	<SubTexture name="TANK TALK 1 P20127" x="7735" y="1730" width="435" height="570" frameX="-40" frameY="-15" frameWidth="556" frameHeight="586"/>
	<SubTexture name="TANK TALK 1 P20128" x="968" y="1732" width="435" height="569" frameX="-40" frameY="-16" frameWidth="556" frameHeight="586"/>
	<SubTexture name="TANK TALK 1 P20129" x="968" y="1732" width="435" height="569" frameX="-40" frameY="-16" frameWidth="556" frameHeight="586"/>
	<SubTexture name="TANK TALK 1 P20130" x="1407" y="1732" width="435" height="569" frameX="-40" frameY="-16" frameWidth="556" frameHeight="586"/>
	<SubTexture name="TANK TALK 1 P20131" x="1407" y="1732" width="435" height="569" frameX="-40" frameY="-16" frameWidth="556" frameHeight="586"/>
	<SubTexture name="TANK TALK 1 P20132" x="1846" y="1732" width="435" height="569" frameX="-40" frameY="-16" frameWidth="556" frameHeight="586"/>
	<SubTexture name="TANK TALK 1 P20133" x="1846" y="1732" width="435" height="569" frameX="-40" frameY="-16" frameWidth="556" frameHeight="586"/>
	<SubTexture name="TANK TALK 1 P20134" x="1846" y="1732" width="435" height="569" frameX="-40" frameY="-16" frameWidth="556" frameHeight="586"/>
	<SubTexture name="TANK TALK 1 P20135" x="1846" y="1732" width="435" height="569" frameX="-40" frameY="-16" frameWidth="556" frameHeight="586"/>
	<SubTexture name="TANK TALK 1 P20136" x="1846" y="1732" width="435" height="569" frameX="-40" frameY="-16" frameWidth="556" frameHeight="586"/>
	<SubTexture name="TANK TALK 1 P20137" x="1846" y="1732" width="435" height="569" frameX="-40" frameY="-16" frameWidth="556" frameHeight="586"/>
	<SubTexture name="TANK TALK 1 P20138" x="1846" y="1732" width="435" height="569" frameX="-40" frameY="-16" frameWidth="556" frameHeight="586"/>
	<SubTexture name="TANK TALK 1 P20139" x="1846" y="1732" width="435" height="569" frameX="-40" frameY="-16" frameWidth="556" frameHeight="586"/>
	<SubTexture name="TANK TALK 1 P20140" x="1846" y="1732" width="435" height="569" frameX="-40" frameY="-16" frameWidth="556" frameHeight="586"/>
	<SubTexture name="TANK TALK 1 P20141" x="1846" y="1732" width="435" height="569" frameX="-40" frameY="-16" frameWidth="556" frameHeight="586"/>
	<SubTexture name="TANK TALK 1 P20142" x="1846" y="1732" width="435" height="569" frameX="-40" frameY="-16" frameWidth="556" frameHeight="586"/>
	<SubTexture name="TANK TALK 1 P20143" x="1846" y="1732" width="435" height="569" frameX="-40" frameY="-16" frameWidth="556" frameHeight="586"/>
	<SubTexture name="TANK TALK 1 P20144" x="1846" y="1732" width="435" height="569" frameX="-40" frameY="-16" frameWidth="556" frameHeight="586"/>
	<SubTexture name="TANK TALK 1 P20145" x="1846" y="1732" width="435" height="569" frameX="-40" frameY="-16" frameWidth="556" frameHeight="586"/>
	<SubTexture name="TANK TALK 1 P20146" x="1846" y="1732" width="435" height="569" frameX="-40" frameY="-16" frameWidth="556" frameHeight="586"/>
</TextureAtlas>
