﻿<?xml version="1.0" encoding="utf-8"?>
<TextureAtlas imagePath="tankTalkSong3-pt2.png">
	<!-- Created with Adobe Animate version 21.0.0.35450 -->
	<!-- http://www.adobe.com/products/animate.html -->
	<SubTexture name="TANK TALK 3 P2 UNCUT0000" x="5570" y="3421" width="427" height="573" frameX="-6" frameY="-27" frameWidth="539" frameHeight="604"/>
	<SubTexture name="TANK TALK 3 P2 UNCUT0001" x="5570" y="3421" width="427" height="573" frameX="-6" frameY="-27" frameWidth="539" frameHeight="604"/>
	<SubTexture name="TANK TALK 3 P2 UNCUT0002" x="5570" y="3421" width="427" height="573" frameX="-6" frameY="-27" frameWidth="539" frameHeight="604"/>
	<SubTexture name="TANK TALK 3 P2 UNCUT0003" x="5570" y="3421" width="427" height="573" frameX="-6" frameY="-27" frameWidth="539" frameHeight="604"/>
	<SubTexture name="TANK TALK 3 P2 UNCUT0004" x="5570" y="3421" width="427" height="573" frameX="-6" frameY="-27" frameWidth="539" frameHeight="604"/>
	<SubTexture name="TANK TALK 3 P2 UNCUT0005" x="5570" y="3421" width="427" height="573" frameX="-6" frameY="-27" frameWidth="539" frameHeight="604"/>
	<SubTexture name="TANK TALK 3 P2 UNCUT0006" x="5570" y="3421" width="427" height="573" frameX="-6" frameY="-27" frameWidth="539" frameHeight="604"/>
	<SubTexture name="TANK TALK 3 P2 UNCUT0007" x="5570" y="3421" width="427" height="573" frameX="-6" frameY="-27" frameWidth="539" frameHeight="604"/>
	<SubTexture name="TANK TALK 3 P2 UNCUT0008" x="5570" y="3421" width="427" height="573" frameX="-6" frameY="-27" frameWidth="539" frameHeight="604"/>
	<SubTexture name="TANK TALK 3 P2 UNCUT0009" x="6431" y="3481" width="429" height="565" frameX="-5" frameY="-35" frameWidth="539" frameHeight="604"/>
	<SubTexture name="TANK TALK 3 P2 UNCUT0010" x="6431" y="3481" width="429" height="565" frameX="-5" frameY="-35" frameWidth="539" frameHeight="604"/>
	<SubTexture name="TANK TALK 3 P2 UNCUT0011" x="6484" y="2903" width="429" height="574" frameX="-5" frameY="-26" frameWidth="539" frameHeight="604"/>
	<SubTexture name="TANK TALK 3 P2 UNCUT0012" x="6055" y="2895" width="425" height="582" frameX="-5" frameY="-18" frameWidth="539" frameHeight="604"/>
	<SubTexture name="TANK TALK 3 P2 UNCUT0013" x="6055" y="2895" width="425" height="582" frameX="-5" frameY="-18" frameWidth="539" frameHeight="604"/>
	<SubTexture name="TANK TALK 3 P2 UNCUT0014" x="1996" y="1738" width="483" height="583" frameX="-1" frameY="-17" frameWidth="539" frameHeight="604"/>
	<SubTexture name="TANK TALK 3 P2 UNCUT0015" x="1996" y="1738" width="483" height="583" frameX="-1" frameY="-17" frameWidth="539" frameHeight="604"/>
	<SubTexture name="TANK TALK 3 P2 UNCUT0016" x="6859" y="587" width="515" height="583" frameX="0" frameY="-17" frameWidth="539" frameHeight="604"/>
	<SubTexture name="TANK TALK 3 P2 UNCUT0017" x="0" y="575" width="515" height="584" frameX="0" frameY="-16" frameWidth="539" frameHeight="604"/>
	<SubTexture name="TANK TALK 3 P2 UNCUT0018" x="7385" y="0" width="521" height="584" frameX="0" frameY="-16" frameWidth="539" frameHeight="604"/>
	<SubTexture name="TANK TALK 3 P2 UNCUT0019" x="7385" y="0" width="521" height="584" frameX="0" frameY="-16" frameWidth="539" frameHeight="604"/>
	<SubTexture name="TANK TALK 3 P2 UNCUT0020" x="1599" y="0" width="522" height="584" frameX="0" frameY="-16" frameWidth="539" frameHeight="604"/>
	<SubTexture name="TANK TALK 3 P2 UNCUT0021" x="1599" y="0" width="522" height="584" frameX="0" frameY="-16" frameWidth="539" frameHeight="604"/>
	<SubTexture name="TANK TALK 3 P2 UNCUT0022" x="2125" y="0" width="522" height="584" frameX="0" frameY="-16" frameWidth="539" frameHeight="604"/>
	<SubTexture name="TANK TALK 3 P2 UNCUT0023" x="2125" y="0" width="522" height="584" frameX="0" frameY="-16" frameWidth="539" frameHeight="604"/>
	<SubTexture name="TANK TALK 3 P2 UNCUT0024" x="2651" y="0" width="522" height="584" frameX="0" frameY="-16" frameWidth="539" frameHeight="604"/>
	<SubTexture name="TANK TALK 3 P2 UNCUT0025" x="2651" y="0" width="522" height="584" frameX="0" frameY="-16" frameWidth="539" frameHeight="604"/>
	<SubTexture name="TANK TALK 3 P2 UNCUT0026" x="2125" y="0" width="522" height="584" frameX="0" frameY="-16" frameWidth="539" frameHeight="604"/>
	<SubTexture name="TANK TALK 3 P2 UNCUT0027" x="3177" y="0" width="522" height="584" frameX="0" frameY="-16" frameWidth="539" frameHeight="604"/>
	<SubTexture name="TANK TALK 3 P2 UNCUT0028" x="3177" y="0" width="522" height="584" frameX="0" frameY="-16" frameWidth="539" frameHeight="604"/>
	<SubTexture name="TANK TALK 3 P2 UNCUT0029" x="2125" y="0" width="522" height="584" frameX="0" frameY="-16" frameWidth="539" frameHeight="604"/>
	<SubTexture name="TANK TALK 3 P2 UNCUT0030" x="2125" y="0" width="522" height="584" frameX="0" frameY="-16" frameWidth="539" frameHeight="604"/>
	<SubTexture name="TANK TALK 3 P2 UNCUT0031" x="3703" y="0" width="522" height="584" frameX="0" frameY="-16" frameWidth="539" frameHeight="604"/>
	<SubTexture name="TANK TALK 3 P2 UNCUT0032" x="3703" y="0" width="522" height="584" frameX="0" frameY="-16" frameWidth="539" frameHeight="604"/>
	<SubTexture name="TANK TALK 3 P2 UNCUT0033" x="4229" y="0" width="522" height="584" frameX="0" frameY="-16" frameWidth="539" frameHeight="604"/>
	<SubTexture name="TANK TALK 3 P2 UNCUT0034" x="4229" y="0" width="522" height="584" frameX="0" frameY="-16" frameWidth="539" frameHeight="604"/>
	<SubTexture name="TANK TALK 3 P2 UNCUT0035" x="4755" y="0" width="522" height="584" frameX="0" frameY="-16" frameWidth="539" frameHeight="604"/>
	<SubTexture name="TANK TALK 3 P2 UNCUT0036" x="4755" y="0" width="522" height="584" frameX="0" frameY="-16" frameWidth="539" frameHeight="604"/>
	<SubTexture name="TANK TALK 3 P2 UNCUT0037" x="4755" y="0" width="522" height="584" frameX="0" frameY="-16" frameWidth="539" frameHeight="604"/>
	<SubTexture name="TANK TALK 3 P2 UNCUT0038" x="5281" y="0" width="522" height="584" frameX="0" frameY="-16" frameWidth="539" frameHeight="604"/>
	<SubTexture name="TANK TALK 3 P2 UNCUT0039" x="5281" y="0" width="522" height="584" frameX="0" frameY="-16" frameWidth="539" frameHeight="604"/>
	<SubTexture name="TANK TALK 3 P2 UNCUT0040" x="5807" y="0" width="522" height="584" frameX="0" frameY="-16" frameWidth="539" frameHeight="604"/>
	<SubTexture name="TANK TALK 3 P2 UNCUT0041" x="5807" y="0" width="522" height="584" frameX="0" frameY="-16" frameWidth="539" frameHeight="604"/>
	<SubTexture name="TANK TALK 3 P2 UNCUT0042" x="2125" y="0" width="522" height="584" frameX="0" frameY="-16" frameWidth="539" frameHeight="604"/>
	<SubTexture name="TANK TALK 3 P2 UNCUT0043" x="543" y="0" width="524" height="584" frameX="0" frameY="-16" frameWidth="539" frameHeight="604"/>
	<SubTexture name="TANK TALK 3 P2 UNCUT0044" x="1071" y="0" width="524" height="584" frameX="0" frameY="-16" frameWidth="539" frameHeight="604"/>
	<SubTexture name="TANK TALK 3 P2 UNCUT0045" x="6333" y="0" width="522" height="584" frameX="0" frameY="-16" frameWidth="539" frameHeight="604"/>
	<SubTexture name="TANK TALK 3 P2 UNCUT0046" x="6859" y="0" width="522" height="583" frameX="0" frameY="-17" frameWidth="539" frameHeight="604"/>
	<SubTexture name="TANK TALK 3 P2 UNCUT0047" x="6261" y="1731" width="491" height="583" frameX="0" frameY="-17" frameWidth="539" frameHeight="604"/>
	<SubTexture name="TANK TALK 3 P2 UNCUT0048" x="6756" y="1742" width="468" height="580" frameX="0" frameY="-20" frameWidth="539" frameHeight="604"/>
	<SubTexture name="TANK TALK 3 P2 UNCUT0049" x="4708" y="2297" width="469" height="567" frameX="0" frameY="-33" frameWidth="539" frameHeight="604"/>
	<SubTexture name="TANK TALK 3 P2 UNCUT0050" x="2483" y="1738" width="493" height="567" frameX="0" frameY="-33" frameWidth="539" frameHeight="604"/>
	<SubTexture name="TANK TALK 3 P2 UNCUT0051" x="0" y="0" width="539" height="571" frameX="0" frameY="-29" frameWidth="539" frameHeight="604"/>
	<SubTexture name="TANK TALK 3 P2 UNCUT0052" x="0" y="0" width="539" height="571" frameX="0" frameY="-29" frameWidth="539" frameHeight="604"/>
	<SubTexture name="TANK TALK 3 P2 UNCUT0053" x="519" y="588" width="526" height="571" frameX="0" frameY="-29" frameWidth="539" frameHeight="604"/>
	<SubTexture name="TANK TALK 3 P2 UNCUT0054" x="519" y="588" width="526" height="571" frameX="0" frameY="-29" frameWidth="539" frameHeight="604"/>
	<SubTexture name="TANK TALK 3 P2 UNCUT0055" x="1049" y="588" width="526" height="571" frameX="0" frameY="-29" frameWidth="539" frameHeight="604"/>
	<SubTexture name="TANK TALK 3 P2 UNCUT0056" x="2104" y="1163" width="521" height="571" frameX="0" frameY="-29" frameWidth="539" frameHeight="604"/>
	<SubTexture name="TANK TALK 3 P2 UNCUT0057" x="2104" y="1163" width="521" height="571" frameX="0" frameY="-29" frameWidth="539" frameHeight="604"/>
	<SubTexture name="TANK TALK 3 P2 UNCUT0058" x="2629" y="1163" width="521" height="571" frameX="0" frameY="-29" frameWidth="539" frameHeight="604"/>
	<SubTexture name="TANK TALK 3 P2 UNCUT0059" x="1579" y="588" width="522" height="571" frameX="0" frameY="-29" frameWidth="539" frameHeight="604"/>
	<SubTexture name="TANK TALK 3 P2 UNCUT0060" x="2105" y="588" width="522" height="571" frameX="0" frameY="-29" frameWidth="539" frameHeight="604"/>
	<SubTexture name="TANK TALK 3 P2 UNCUT0061" x="2105" y="588" width="522" height="571" frameX="0" frameY="-29" frameWidth="539" frameHeight="604"/>
	<SubTexture name="TANK TALK 3 P2 UNCUT0062" x="2631" y="588" width="522" height="571" frameX="0" frameY="-29" frameWidth="539" frameHeight="604"/>
	<SubTexture name="TANK TALK 3 P2 UNCUT0063" x="2631" y="588" width="522" height="571" frameX="0" frameY="-29" frameWidth="539" frameHeight="604"/>
	<SubTexture name="TANK TALK 3 P2 UNCUT0064" x="3157" y="588" width="522" height="571" frameX="0" frameY="-29" frameWidth="539" frameHeight="604"/>
	<SubTexture name="TANK TALK 3 P2 UNCUT0065" x="3157" y="588" width="522" height="571" frameX="0" frameY="-29" frameWidth="539" frameHeight="604"/>
	<SubTexture name="TANK TALK 3 P2 UNCUT0066" x="3683" y="588" width="522" height="571" frameX="0" frameY="-29" frameWidth="539" frameHeight="604"/>
	<SubTexture name="TANK TALK 3 P2 UNCUT0067" x="4209" y="588" width="522" height="571" frameX="0" frameY="-29" frameWidth="539" frameHeight="604"/>
	<SubTexture name="TANK TALK 3 P2 UNCUT0068" x="4209" y="588" width="522" height="571" frameX="0" frameY="-29" frameWidth="539" frameHeight="604"/>
	<SubTexture name="TANK TALK 3 P2 UNCUT0069" x="4735" y="588" width="522" height="571" frameX="0" frameY="-29" frameWidth="539" frameHeight="604"/>
	<SubTexture name="TANK TALK 3 P2 UNCUT0070" x="4735" y="588" width="522" height="571" frameX="0" frameY="-29" frameWidth="539" frameHeight="604"/>
	<SubTexture name="TANK TALK 3 P2 UNCUT0071" x="2105" y="588" width="522" height="571" frameX="0" frameY="-29" frameWidth="539" frameHeight="604"/>
	<SubTexture name="TANK TALK 3 P2 UNCUT0072" x="2105" y="588" width="522" height="571" frameX="0" frameY="-29" frameWidth="539" frameHeight="604"/>
	<SubTexture name="TANK TALK 3 P2 UNCUT0073" x="5261" y="588" width="522" height="571" frameX="0" frameY="-29" frameWidth="539" frameHeight="604"/>
	<SubTexture name="TANK TALK 3 P2 UNCUT0074" x="5261" y="588" width="522" height="571" frameX="0" frameY="-29" frameWidth="539" frameHeight="604"/>
	<SubTexture name="TANK TALK 3 P2 UNCUT0075" x="5787" y="588" width="522" height="571" frameX="0" frameY="-29" frameWidth="539" frameHeight="604"/>
	<SubTexture name="TANK TALK 3 P2 UNCUT0076" x="2105" y="588" width="522" height="571" frameX="0" frameY="-29" frameWidth="539" frameHeight="604"/>
	<SubTexture name="TANK TALK 3 P2 UNCUT0077" x="2105" y="588" width="522" height="571" frameX="0" frameY="-29" frameWidth="539" frameHeight="604"/>
	<SubTexture name="TANK TALK 3 P2 UNCUT0078" x="1579" y="588" width="522" height="571" frameX="0" frameY="-29" frameWidth="539" frameHeight="604"/>
	<SubTexture name="TANK TALK 3 P2 UNCUT0079" x="1579" y="588" width="522" height="571" frameX="0" frameY="-29" frameWidth="539" frameHeight="604"/>
	<SubTexture name="TANK TALK 3 P2 UNCUT0080" x="6313" y="588" width="522" height="571" frameX="0" frameY="-29" frameWidth="539" frameHeight="604"/>
	<SubTexture name="TANK TALK 3 P2 UNCUT0081" x="6313" y="588" width="522" height="571" frameX="0" frameY="-29" frameWidth="539" frameHeight="604"/>
	<SubTexture name="TANK TALK 3 P2 UNCUT0082" x="5787" y="588" width="522" height="571" frameX="0" frameY="-29" frameWidth="539" frameHeight="604"/>
	<SubTexture name="TANK TALK 3 P2 UNCUT0083" x="5787" y="588" width="522" height="571" frameX="0" frameY="-29" frameWidth="539" frameHeight="604"/>
	<SubTexture name="TANK TALK 3 P2 UNCUT0084" x="7378" y="588" width="522" height="571" frameX="0" frameY="-29" frameWidth="539" frameHeight="604"/>
	<SubTexture name="TANK TALK 3 P2 UNCUT0085" x="7378" y="588" width="522" height="571" frameX="0" frameY="-29" frameWidth="539" frameHeight="604"/>
	<SubTexture name="TANK TALK 3 P2 UNCUT0086" x="0" y="1163" width="522" height="571" frameX="0" frameY="-29" frameWidth="539" frameHeight="604"/>
	<SubTexture name="TANK TALK 3 P2 UNCUT0087" x="526" y="1163" width="522" height="571" frameX="0" frameY="-29" frameWidth="539" frameHeight="604"/>
	<SubTexture name="TANK TALK 3 P2 UNCUT0088" x="526" y="1163" width="522" height="571" frameX="0" frameY="-29" frameWidth="539" frameHeight="604"/>
	<SubTexture name="TANK TALK 3 P2 UNCUT0089" x="1052" y="1163" width="522" height="571" frameX="0" frameY="-29" frameWidth="539" frameHeight="604"/>
	<SubTexture name="TANK TALK 3 P2 UNCUT0090" x="1052" y="1163" width="522" height="571" frameX="0" frameY="-29" frameWidth="539" frameHeight="604"/>
	<SubTexture name="TANK TALK 3 P2 UNCUT0091" x="1578" y="1163" width="522" height="571" frameX="0" frameY="-29" frameWidth="539" frameHeight="604"/>
	<SubTexture name="TANK TALK 3 P2 UNCUT0092" x="1578" y="1163" width="522" height="571" frameX="0" frameY="-29" frameWidth="539" frameHeight="604"/>
	<SubTexture name="TANK TALK 3 P2 UNCUT0093" x="5227" y="1731" width="513" height="562" frameX="0" frameY="-38" frameWidth="539" frameHeight="604"/>
	<SubTexture name="TANK TALK 3 P2 UNCUT0094" x="5744" y="1731" width="513" height="562" frameX="0" frameY="-38" frameWidth="539" frameHeight="604"/>
	<SubTexture name="TANK TALK 3 P2 UNCUT0095" x="3673" y="1163" width="514" height="564" frameX="-1" frameY="-36" frameWidth="539" frameHeight="604"/>
	<SubTexture name="TANK TALK 3 P2 UNCUT0096" x="3673" y="1163" width="514" height="564" frameX="-1" frameY="-36" frameWidth="539" frameHeight="604"/>
	<SubTexture name="TANK TALK 3 P2 UNCUT0097" x="4191" y="1163" width="514" height="564" frameX="-1" frameY="-36" frameWidth="539" frameHeight="604"/>
	<SubTexture name="TANK TALK 3 P2 UNCUT0098" x="4191" y="1163" width="514" height="564" frameX="-1" frameY="-36" frameWidth="539" frameHeight="604"/>
	<SubTexture name="TANK TALK 3 P2 UNCUT0099" x="4191" y="1163" width="514" height="564" frameX="-1" frameY="-36" frameWidth="539" frameHeight="604"/>
	<SubTexture name="TANK TALK 3 P2 UNCUT0100" x="4709" y="1163" width="514" height="564" frameX="-1" frameY="-36" frameWidth="539" frameHeight="604"/>
	<SubTexture name="TANK TALK 3 P2 UNCUT0101" x="4709" y="1163" width="514" height="564" frameX="-1" frameY="-36" frameWidth="539" frameHeight="604"/>
	<SubTexture name="TANK TALK 3 P2 UNCUT0102" x="5227" y="1163" width="514" height="564" frameX="-1" frameY="-36" frameWidth="539" frameHeight="604"/>
	<SubTexture name="TANK TALK 3 P2 UNCUT0103" x="5227" y="1163" width="514" height="564" frameX="-1" frameY="-36" frameWidth="539" frameHeight="604"/>
	<SubTexture name="TANK TALK 3 P2 UNCUT0104" x="5227" y="1163" width="514" height="564" frameX="-1" frameY="-36" frameWidth="539" frameHeight="604"/>
	<SubTexture name="TANK TALK 3 P2 UNCUT0105" x="5745" y="1163" width="514" height="564" frameX="-1" frameY="-36" frameWidth="539" frameHeight="604"/>
	<SubTexture name="TANK TALK 3 P2 UNCUT0106" x="5745" y="1163" width="514" height="564" frameX="-1" frameY="-36" frameWidth="539" frameHeight="604"/>
	<SubTexture name="TANK TALK 3 P2 UNCUT0107" x="6263" y="1163" width="514" height="564" frameX="-1" frameY="-36" frameWidth="539" frameHeight="604"/>
	<SubTexture name="TANK TALK 3 P2 UNCUT0108" x="6263" y="1163" width="514" height="564" frameX="-1" frameY="-36" frameWidth="539" frameHeight="604"/>
	<SubTexture name="TANK TALK 3 P2 UNCUT0109" x="6263" y="1163" width="514" height="564" frameX="-1" frameY="-36" frameWidth="539" frameHeight="604"/>
	<SubTexture name="TANK TALK 3 P2 UNCUT0110" x="5227" y="1163" width="514" height="564" frameX="-1" frameY="-36" frameWidth="539" frameHeight="604"/>
	<SubTexture name="TANK TALK 3 P2 UNCUT0111" x="5227" y="1163" width="514" height="564" frameX="-1" frameY="-36" frameWidth="539" frameHeight="604"/>
	<SubTexture name="TANK TALK 3 P2 UNCUT0112" x="7378" y="1163" width="514" height="564" frameX="-1" frameY="-36" frameWidth="539" frameHeight="604"/>
	<SubTexture name="TANK TALK 3 P2 UNCUT0113" x="7378" y="1163" width="514" height="564" frameX="-1" frameY="-36" frameWidth="539" frameHeight="604"/>
	<SubTexture name="TANK TALK 3 P2 UNCUT0114" x="5227" y="1163" width="514" height="564" frameX="-1" frameY="-36" frameWidth="539" frameHeight="604"/>
	<SubTexture name="TANK TALK 3 P2 UNCUT0115" x="5227" y="1163" width="514" height="564" frameX="-1" frameY="-36" frameWidth="539" frameHeight="604"/>
	<SubTexture name="TANK TALK 3 P2 UNCUT0116" x="6781" y="1174" width="514" height="564" frameX="-1" frameY="-36" frameWidth="539" frameHeight="604"/>
	<SubTexture name="TANK TALK 3 P2 UNCUT0117" x="6781" y="1174" width="514" height="564" frameX="-1" frameY="-36" frameWidth="539" frameHeight="604"/>
	<SubTexture name="TANK TALK 3 P2 UNCUT0118" x="3154" y="1731" width="514" height="564" frameX="-1" frameY="-36" frameWidth="539" frameHeight="604"/>
	<SubTexture name="TANK TALK 3 P2 UNCUT0119" x="3154" y="1731" width="514" height="564" frameX="-1" frameY="-36" frameWidth="539" frameHeight="604"/>
	<SubTexture name="TANK TALK 3 P2 UNCUT0120" x="3672" y="1731" width="514" height="564" frameX="-1" frameY="-36" frameWidth="539" frameHeight="604"/>
	<SubTexture name="TANK TALK 3 P2 UNCUT0121" x="3672" y="1731" width="514" height="564" frameX="-1" frameY="-36" frameWidth="539" frameHeight="604"/>
	<SubTexture name="TANK TALK 3 P2 UNCUT0122" x="4191" y="1163" width="514" height="564" frameX="-1" frameY="-36" frameWidth="539" frameHeight="604"/>
	<SubTexture name="TANK TALK 3 P2 UNCUT0123" x="4191" y="1163" width="514" height="564" frameX="-1" frameY="-36" frameWidth="539" frameHeight="604"/>
	<SubTexture name="TANK TALK 3 P2 UNCUT0124" x="5227" y="1163" width="514" height="564" frameX="-1" frameY="-36" frameWidth="539" frameHeight="604"/>
	<SubTexture name="TANK TALK 3 P2 UNCUT0125" x="5227" y="1163" width="514" height="564" frameX="-1" frameY="-36" frameWidth="539" frameHeight="604"/>
	<SubTexture name="TANK TALK 3 P2 UNCUT0126" x="5227" y="1163" width="514" height="564" frameX="-1" frameY="-36" frameWidth="539" frameHeight="604"/>
	<SubTexture name="TANK TALK 3 P2 UNCUT0127" x="4190" y="1731" width="514" height="564" frameX="-1" frameY="-36" frameWidth="539" frameHeight="604"/>
	<SubTexture name="TANK TALK 3 P2 UNCUT0128" x="4190" y="1731" width="514" height="564" frameX="-1" frameY="-36" frameWidth="539" frameHeight="604"/>
	<SubTexture name="TANK TALK 3 P2 UNCUT0129" x="4190" y="1731" width="514" height="564" frameX="-1" frameY="-36" frameWidth="539" frameHeight="604"/>
	<SubTexture name="TANK TALK 3 P2 UNCUT0130" x="3154" y="1163" width="515" height="564" frameX="-1" frameY="-36" frameWidth="539" frameHeight="604"/>
	<SubTexture name="TANK TALK 3 P2 UNCUT0131" x="4708" y="1731" width="515" height="562" frameX="-1" frameY="-38" frameWidth="539" frameHeight="604"/>
	<SubTexture name="TANK TALK 3 P2 UNCUT0132" x="2616" y="3997" width="419" height="569" frameX="-8" frameY="-31" frameWidth="539" frameHeight="604"/>
	<SubTexture name="TANK TALK 3 P2 UNCUT0133" x="2616" y="3997" width="419" height="569" frameX="-8" frameY="-31" frameWidth="539" frameHeight="604"/>
	<SubTexture name="TANK TALK 3 P2 UNCUT0134" x="2708" y="3423" width="427" height="570" frameX="-6" frameY="-30" frameWidth="539" frameHeight="604"/>
	<SubTexture name="TANK TALK 3 P2 UNCUT0135" x="2708" y="3423" width="427" height="570" frameX="-6" frameY="-30" frameWidth="539" frameHeight="604"/>
	<SubTexture name="TANK TALK 3 P2 UNCUT0136" x="3139" y="3423" width="427" height="570" frameX="-6" frameY="-30" frameWidth="539" frameHeight="604"/>
	<SubTexture name="TANK TALK 3 P2 UNCUT0137" x="3570" y="3423" width="427" height="570" frameX="-6" frameY="-30" frameWidth="539" frameHeight="604"/>
	<SubTexture name="TANK TALK 3 P2 UNCUT0138" x="3570" y="3423" width="427" height="570" frameX="-6" frameY="-30" frameWidth="539" frameHeight="604"/>
	<SubTexture name="TANK TALK 3 P2 UNCUT0139" x="4001" y="3423" width="427" height="570" frameX="-6" frameY="-30" frameWidth="539" frameHeight="604"/>
	<SubTexture name="TANK TALK 3 P2 UNCUT0140" x="4001" y="3423" width="427" height="570" frameX="-6" frameY="-30" frameWidth="539" frameHeight="604"/>
	<SubTexture name="TANK TALK 3 P2 UNCUT0141" x="6917" y="3426" width="427" height="570" frameX="-6" frameY="-30" frameWidth="539" frameHeight="604"/>
	<SubTexture name="TANK TALK 3 P2 UNCUT0142" x="7348" y="3426" width="427" height="570" frameX="-6" frameY="-30" frameWidth="539" frameHeight="604"/>
	<SubTexture name="TANK TALK 3 P2 UNCUT0143" x="7348" y="3426" width="427" height="570" frameX="-6" frameY="-30" frameWidth="539" frameHeight="604"/>
	<SubTexture name="TANK TALK 3 P2 UNCUT0144" x="2185" y="3433" width="427" height="570" frameX="-6" frameY="-30" frameWidth="539" frameHeight="604"/>
	<SubTexture name="TANK TALK 3 P2 UNCUT0145" x="2185" y="3433" width="427" height="570" frameX="-6" frameY="-30" frameWidth="539" frameHeight="604"/>
	<SubTexture name="TANK TALK 3 P2 UNCUT0146" x="0" y="3439" width="427" height="570" frameX="-6" frameY="-30" frameWidth="539" frameHeight="604"/>
	<SubTexture name="TANK TALK 3 P2 UNCUT0147" x="0" y="3439" width="427" height="570" frameX="-6" frameY="-30" frameWidth="539" frameHeight="604"/>
	<SubTexture name="TANK TALK 3 P2 UNCUT0148" x="7348" y="3426" width="427" height="570" frameX="-6" frameY="-30" frameWidth="539" frameHeight="604"/>
	<SubTexture name="TANK TALK 3 P2 UNCUT0149" x="7348" y="3426" width="427" height="570" frameX="-6" frameY="-30" frameWidth="539" frameHeight="604"/>
	<SubTexture name="TANK TALK 3 P2 UNCUT0150" x="431" y="3439" width="427" height="570" frameX="-6" frameY="-30" frameWidth="539" frameHeight="604"/>
	<SubTexture name="TANK TALK 3 P2 UNCUT0151" x="431" y="3439" width="427" height="570" frameX="-6" frameY="-30" frameWidth="539" frameHeight="604"/>
	<SubTexture name="TANK TALK 3 P2 UNCUT0152" x="862" y="3439" width="427" height="570" frameX="-6" frameY="-30" frameWidth="539" frameHeight="604"/>
	<SubTexture name="TANK TALK 3 P2 UNCUT0153" x="862" y="3439" width="427" height="570" frameX="-6" frameY="-30" frameWidth="539" frameHeight="604"/>
	<SubTexture name="TANK TALK 3 P2 UNCUT0154" x="4432" y="3445" width="427" height="570" frameX="-6" frameY="-30" frameWidth="539" frameHeight="604"/>
	<SubTexture name="TANK TALK 3 P2 UNCUT0155" x="4432" y="3445" width="427" height="570" frameX="-6" frameY="-30" frameWidth="539" frameHeight="604"/>
	<SubTexture name="TANK TALK 3 P2 UNCUT0156" x="1293" y="3469" width="427" height="570" frameX="-6" frameY="-30" frameWidth="539" frameHeight="604"/>
	<SubTexture name="TANK TALK 3 P2 UNCUT0157" x="1293" y="3469" width="427" height="570" frameX="-6" frameY="-30" frameWidth="539" frameHeight="604"/>
	<SubTexture name="TANK TALK 3 P2 UNCUT0158" x="1293" y="3469" width="427" height="570" frameX="-6" frameY="-30" frameWidth="539" frameHeight="604"/>
	<SubTexture name="TANK TALK 3 P2 UNCUT0159" x="1293" y="3469" width="427" height="570" frameX="-6" frameY="-30" frameWidth="539" frameHeight="604"/>
	<SubTexture name="TANK TALK 3 P2 UNCUT0160" x="1293" y="3469" width="427" height="570" frameX="-6" frameY="-30" frameWidth="539" frameHeight="604"/>
	<SubTexture name="TANK TALK 3 P2 UNCUT0161" x="1293" y="3469" width="427" height="570" frameX="-6" frameY="-30" frameWidth="539" frameHeight="604"/>
	<SubTexture name="TANK TALK 3 P2 UNCUT0162" x="1293" y="3469" width="427" height="570" frameX="-6" frameY="-30" frameWidth="539" frameHeight="604"/>
	<SubTexture name="TANK TALK 3 P2 UNCUT0163" x="1293" y="3469" width="427" height="570" frameX="-6" frameY="-30" frameWidth="539" frameHeight="604"/>
	<SubTexture name="TANK TALK 3 P2 UNCUT0164" x="1293" y="3469" width="427" height="570" frameX="-6" frameY="-30" frameWidth="539" frameHeight="604"/>
	<SubTexture name="TANK TALK 3 P2 UNCUT0165" x="1293" y="3469" width="427" height="570" frameX="-6" frameY="-30" frameWidth="539" frameHeight="604"/>
	<SubTexture name="TANK TALK 3 P2 UNCUT0166" x="1293" y="3469" width="427" height="570" frameX="-6" frameY="-30" frameWidth="539" frameHeight="604"/>
	<SubTexture name="TANK TALK 3 P2 UNCUT0167" x="1293" y="3469" width="427" height="570" frameX="-6" frameY="-30" frameWidth="539" frameHeight="604"/>
	<SubTexture name="TANK TALK 3 P2 UNCUT0168" x="1293" y="3469" width="427" height="570" frameX="-6" frameY="-30" frameWidth="539" frameHeight="604"/>
	<SubTexture name="TANK TALK 3 P2 UNCUT0169" x="1293" y="3469" width="427" height="570" frameX="-6" frameY="-30" frameWidth="539" frameHeight="604"/>
	<SubTexture name="TANK TALK 3 P2 UNCUT0170" x="1293" y="3469" width="427" height="570" frameX="-6" frameY="-30" frameWidth="539" frameHeight="604"/>
	<SubTexture name="TANK TALK 3 P2 UNCUT0171" x="1293" y="3469" width="427" height="570" frameX="-6" frameY="-30" frameWidth="539" frameHeight="604"/>
	<SubTexture name="TANK TALK 3 P2 UNCUT0172" x="6001" y="3481" width="426" height="570" frameX="-6" frameY="-30" frameWidth="539" frameHeight="604"/>
	<SubTexture name="TANK TALK 3 P2 UNCUT0173" x="1748" y="2902" width="433" height="570" frameX="-6" frameY="-30" frameWidth="539" frameHeight="604"/>
	<SubTexture name="TANK TALK 3 P2 UNCUT0174" x="1748" y="2902" width="433" height="570" frameX="-6" frameY="-30" frameWidth="539" frameHeight="604"/>
	<SubTexture name="TANK TALK 3 P2 UNCUT0175" x="1395" y="2315" width="435" height="573" frameX="-6" frameY="-27" frameWidth="539" frameHeight="604"/>
	<SubTexture name="TANK TALK 3 P2 UNCUT0176" x="6111" y="2318" width="435" height="573" frameX="-6" frameY="-27" frameWidth="539" frameHeight="604"/>
	<SubTexture name="TANK TALK 3 P2 UNCUT0177" x="1834" y="2325" width="433" height="573" frameX="-6" frameY="-27" frameWidth="539" frameHeight="604"/>
	<SubTexture name="TANK TALK 3 P2 UNCUT0178" x="6550" y="2326" width="433" height="573" frameX="-6" frameY="-27" frameWidth="539" frameHeight="604"/>
	<SubTexture name="TANK TALK 3 P2 UNCUT0179" x="6550" y="2326" width="433" height="573" frameX="-6" frameY="-27" frameWidth="539" frameHeight="604"/>
	<SubTexture name="TANK TALK 3 P2 UNCUT0180" x="5181" y="2844" width="433" height="573" frameX="-6" frameY="-27" frameWidth="539" frameHeight="604"/>
	<SubTexture name="TANK TALK 3 P2 UNCUT0181" x="5181" y="2844" width="433" height="573" frameX="-6" frameY="-27" frameWidth="539" frameHeight="604"/>
	<SubTexture name="TANK TALK 3 P2 UNCUT0182" x="5618" y="2844" width="433" height="573" frameX="-6" frameY="-27" frameWidth="539" frameHeight="604"/>
	<SubTexture name="TANK TALK 3 P2 UNCUT0183" x="5618" y="2844" width="433" height="573" frameX="-6" frameY="-27" frameWidth="539" frameHeight="604"/>
	<SubTexture name="TANK TALK 3 P2 UNCUT0184" x="6550" y="2326" width="433" height="573" frameX="-6" frameY="-27" frameWidth="539" frameHeight="604"/>
	<SubTexture name="TANK TALK 3 P2 UNCUT0185" x="6550" y="2326" width="433" height="573" frameX="-6" frameY="-27" frameWidth="539" frameHeight="604"/>
	<SubTexture name="TANK TALK 3 P2 UNCUT0186" x="5181" y="2844" width="433" height="573" frameX="-6" frameY="-27" frameWidth="539" frameHeight="604"/>
	<SubTexture name="TANK TALK 3 P2 UNCUT0187" x="5618" y="2844" width="433" height="573" frameX="-6" frameY="-27" frameWidth="539" frameHeight="604"/>
	<SubTexture name="TANK TALK 3 P2 UNCUT0188" x="5618" y="2844" width="433" height="573" frameX="-6" frameY="-27" frameWidth="539" frameHeight="604"/>
	<SubTexture name="TANK TALK 3 P2 UNCUT0189" x="6550" y="2326" width="433" height="573" frameX="-6" frameY="-27" frameWidth="539" frameHeight="604"/>
	<SubTexture name="TANK TALK 3 P2 UNCUT0190" x="6550" y="2326" width="433" height="573" frameX="-6" frameY="-27" frameWidth="539" frameHeight="604"/>
	<SubTexture name="TANK TALK 3 P2 UNCUT0191" x="2948" y="2846" width="433" height="573" frameX="-6" frameY="-27" frameWidth="539" frameHeight="604"/>
	<SubTexture name="TANK TALK 3 P2 UNCUT0192" x="2948" y="2846" width="433" height="573" frameX="-6" frameY="-27" frameWidth="539" frameHeight="604"/>
	<SubTexture name="TANK TALK 3 P2 UNCUT0193" x="5181" y="2844" width="433" height="573" frameX="-6" frameY="-27" frameWidth="539" frameHeight="604"/>
	<SubTexture name="TANK TALK 3 P2 UNCUT0194" x="5181" y="2844" width="433" height="573" frameX="-6" frameY="-27" frameWidth="539" frameHeight="604"/>
	<SubTexture name="TANK TALK 3 P2 UNCUT0195" x="5181" y="2844" width="433" height="573" frameX="-6" frameY="-27" frameWidth="539" frameHeight="604"/>
	<SubTexture name="TANK TALK 3 P2 UNCUT0196" x="3385" y="2846" width="433" height="573" frameX="-6" frameY="-27" frameWidth="539" frameHeight="604"/>
	<SubTexture name="TANK TALK 3 P2 UNCUT0197" x="6550" y="2326" width="433" height="573" frameX="-6" frameY="-27" frameWidth="539" frameHeight="604"/>
	<SubTexture name="TANK TALK 3 P2 UNCUT0198" x="6550" y="2326" width="433" height="573" frameX="-6" frameY="-27" frameWidth="539" frameHeight="604"/>
	<SubTexture name="TANK TALK 3 P2 UNCUT0199" x="6550" y="2326" width="433" height="573" frameX="-6" frameY="-27" frameWidth="539" frameHeight="604"/>
	<SubTexture name="TANK TALK 3 P2 UNCUT0200" x="5181" y="2844" width="433" height="573" frameX="-6" frameY="-27" frameWidth="539" frameHeight="604"/>
	<SubTexture name="TANK TALK 3 P2 UNCUT0201" x="3822" y="2846" width="433" height="573" frameX="-6" frameY="-27" frameWidth="539" frameHeight="604"/>
	<SubTexture name="TANK TALK 3 P2 UNCUT0202" x="3822" y="2846" width="433" height="573" frameX="-6" frameY="-27" frameWidth="539" frameHeight="604"/>
	<SubTexture name="TANK TALK 3 P2 UNCUT0203" x="1834" y="2325" width="433" height="573" frameX="-6" frameY="-27" frameWidth="539" frameHeight="604"/>
	<SubTexture name="TANK TALK 3 P2 UNCUT0204" x="1834" y="2325" width="433" height="573" frameX="-6" frameY="-27" frameWidth="539" frameHeight="604"/>
	<SubTexture name="TANK TALK 3 P2 UNCUT0205" x="4259" y="2846" width="433" height="573" frameX="-6" frameY="-27" frameWidth="539" frameHeight="604"/>
	<SubTexture name="TANK TALK 3 P2 UNCUT0206" x="6987" y="2849" width="433" height="573" frameX="-6" frameY="-27" frameWidth="539" frameHeight="604"/>
	<SubTexture name="TANK TALK 3 P2 UNCUT0207" x="7424" y="2849" width="433" height="573" frameX="-6" frameY="-27" frameWidth="539" frameHeight="604"/>
	<SubTexture name="TANK TALK 3 P2 UNCUT0208" x="7424" y="2849" width="433" height="573" frameX="-6" frameY="-27" frameWidth="539" frameHeight="604"/>
	<SubTexture name="TANK TALK 3 P2 UNCUT0209" x="2271" y="2856" width="433" height="573" frameX="-6" frameY="-27" frameWidth="539" frameHeight="604"/>
	<SubTexture name="TANK TALK 3 P2 UNCUT0210" x="2271" y="2856" width="433" height="573" frameX="-6" frameY="-27" frameWidth="539" frameHeight="604"/>
	<SubTexture name="TANK TALK 3 P2 UNCUT0211" x="0" y="2862" width="433" height="573" frameX="-6" frameY="-27" frameWidth="539" frameHeight="604"/>
	<SubTexture name="TANK TALK 3 P2 UNCUT0212" x="0" y="2862" width="433" height="573" frameX="-6" frameY="-27" frameWidth="539" frameHeight="604"/>
	<SubTexture name="TANK TALK 3 P2 UNCUT0213" x="0" y="2862" width="433" height="573" frameX="-6" frameY="-27" frameWidth="539" frameHeight="604"/>
	<SubTexture name="TANK TALK 3 P2 UNCUT0214" x="0" y="2862" width="433" height="573" frameX="-6" frameY="-27" frameWidth="539" frameHeight="604"/>
	<SubTexture name="TANK TALK 3 P2 UNCUT0215" x="0" y="2862" width="433" height="573" frameX="-6" frameY="-27" frameWidth="539" frameHeight="604"/>
	<SubTexture name="TANK TALK 3 P2 UNCUT0216" x="0" y="2862" width="433" height="573" frameX="-6" frameY="-27" frameWidth="539" frameHeight="604"/>
	<SubTexture name="TANK TALK 3 P2 UNCUT0217" x="0" y="2862" width="433" height="573" frameX="-6" frameY="-27" frameWidth="539" frameHeight="604"/>
	<SubTexture name="TANK TALK 3 P2 UNCUT0218" x="0" y="2862" width="433" height="573" frameX="-6" frameY="-27" frameWidth="539" frameHeight="604"/>
	<SubTexture name="TANK TALK 3 P2 UNCUT0219" x="0" y="2862" width="433" height="573" frameX="-6" frameY="-27" frameWidth="539" frameHeight="604"/>
	<SubTexture name="TANK TALK 3 P2 UNCUT0220" x="0" y="2862" width="433" height="573" frameX="-6" frameY="-27" frameWidth="539" frameHeight="604"/>
	<SubTexture name="TANK TALK 3 P2 UNCUT0221" x="0" y="2862" width="433" height="573" frameX="-6" frameY="-27" frameWidth="539" frameHeight="604"/>
	<SubTexture name="TANK TALK 3 P2 UNCUT0222" x="0" y="2862" width="433" height="573" frameX="-6" frameY="-27" frameWidth="539" frameHeight="604"/>
	<SubTexture name="TANK TALK 3 P2 UNCUT0223" x="0" y="2862" width="433" height="573" frameX="-6" frameY="-27" frameWidth="539" frameHeight="604"/>
	<SubTexture name="TANK TALK 3 P2 UNCUT0224" x="0" y="2862" width="433" height="573" frameX="-6" frameY="-27" frameWidth="539" frameHeight="604"/>
	<SubTexture name="TANK TALK 3 P2 UNCUT0225" x="0" y="2862" width="433" height="573" frameX="-6" frameY="-27" frameWidth="539" frameHeight="604"/>
	<SubTexture name="TANK TALK 3 P2 UNCUT0226" x="0" y="2862" width="433" height="573" frameX="-6" frameY="-27" frameWidth="539" frameHeight="604"/>
	<SubTexture name="TANK TALK 3 P2 UNCUT0227" x="437" y="2862" width="433" height="573" frameX="-6" frameY="-27" frameWidth="539" frameHeight="604"/>
	<SubTexture name="TANK TALK 3 P2 UNCUT0228" x="437" y="2862" width="433" height="573" frameX="-6" frameY="-27" frameWidth="539" frameHeight="604"/>
	<SubTexture name="TANK TALK 3 P2 UNCUT0229" x="874" y="2862" width="433" height="573" frameX="-6" frameY="-27" frameWidth="539" frameHeight="604"/>
	<SubTexture name="TANK TALK 3 P2 UNCUT0230" x="874" y="2862" width="433" height="573" frameX="-6" frameY="-27" frameWidth="539" frameHeight="604"/>
	<SubTexture name="TANK TALK 3 P2 UNCUT0231" x="4696" y="2868" width="433" height="573" frameX="-6" frameY="-27" frameWidth="539" frameHeight="604"/>
	<SubTexture name="TANK TALK 3 P2 UNCUT0232" x="4696" y="2868" width="433" height="573" frameX="-6" frameY="-27" frameWidth="539" frameHeight="604"/>
	<SubTexture name="TANK TALK 3 P2 UNCUT0233" x="1311" y="2892" width="433" height="573" frameX="-6" frameY="-27" frameWidth="539" frameHeight="604"/>
	<SubTexture name="TANK TALK 3 P2 UNCUT0234" x="5133" y="3421" width="433" height="568" frameX="-6" frameY="-32" frameWidth="539" frameHeight="604"/>
	<SubTexture name="TANK TALK 3 P2 UNCUT0235" x="4863" y="3993" width="448" height="535" frameX="-10" frameY="-67" frameWidth="539" frameHeight="604"/>
	<SubTexture name="TANK TALK 3 P2 UNCUT0236" x="4863" y="3993" width="448" height="535" frameX="-10" frameY="-67" frameWidth="539" frameHeight="604"/>
	<SubTexture name="TANK TALK 3 P2 UNCUT0237" x="5181" y="2297" width="461" height="543" frameX="-4" frameY="-61" frameWidth="539" frameHeight="604"/>
	<SubTexture name="TANK TALK 3 P2 UNCUT0238" x="5181" y="2297" width="461" height="543" frameX="-4" frameY="-61" frameWidth="539" frameHeight="604"/>
	<SubTexture name="TANK TALK 3 P2 UNCUT0239" x="5646" y="2297" width="461" height="543" frameX="-4" frameY="-61" frameWidth="539" frameHeight="604"/>
	<SubTexture name="TANK TALK 3 P2 UNCUT0240" x="5646" y="2297" width="461" height="543" frameX="-4" frameY="-61" frameWidth="539" frameHeight="604"/>
	<SubTexture name="TANK TALK 3 P2 UNCUT0241" x="2980" y="2299" width="461" height="543" frameX="-4" frameY="-61" frameWidth="539" frameHeight="604"/>
	<SubTexture name="TANK TALK 3 P2 UNCUT0242" x="2980" y="2299" width="461" height="543" frameX="-4" frameY="-61" frameWidth="539" frameHeight="604"/>
	<SubTexture name="TANK TALK 3 P2 UNCUT0243" x="3445" y="2299" width="461" height="543" frameX="-4" frameY="-61" frameWidth="539" frameHeight="604"/>
	<SubTexture name="TANK TALK 3 P2 UNCUT0244" x="3445" y="2299" width="461" height="543" frameX="-4" frameY="-61" frameWidth="539" frameHeight="604"/>
	<SubTexture name="TANK TALK 3 P2 UNCUT0245" x="3445" y="2299" width="461" height="543" frameX="-4" frameY="-61" frameWidth="539" frameHeight="604"/>
	<SubTexture name="TANK TALK 3 P2 UNCUT0246" x="3445" y="2299" width="461" height="543" frameX="-4" frameY="-61" frameWidth="539" frameHeight="604"/>
	<SubTexture name="TANK TALK 3 P2 UNCUT0247" x="3445" y="2299" width="461" height="543" frameX="-4" frameY="-61" frameWidth="539" frameHeight="604"/>
	<SubTexture name="TANK TALK 3 P2 UNCUT0248" x="3445" y="2299" width="461" height="543" frameX="-4" frameY="-61" frameWidth="539" frameHeight="604"/>
	<SubTexture name="TANK TALK 3 P2 UNCUT0249" x="3445" y="2299" width="461" height="543" frameX="-4" frameY="-61" frameWidth="539" frameHeight="604"/>
	<SubTexture name="TANK TALK 3 P2 UNCUT0250" x="3445" y="2299" width="461" height="543" frameX="-4" frameY="-61" frameWidth="539" frameHeight="604"/>
	<SubTexture name="TANK TALK 3 P2 UNCUT0251" x="3445" y="2299" width="461" height="543" frameX="-4" frameY="-61" frameWidth="539" frameHeight="604"/>
	<SubTexture name="TANK TALK 3 P2 UNCUT0252" x="3910" y="2299" width="461" height="543" frameX="-4" frameY="-61" frameWidth="539" frameHeight="604"/>
	<SubTexture name="TANK TALK 3 P2 UNCUT0253" x="7228" y="2302" width="461" height="543" frameX="-4" frameY="-61" frameWidth="539" frameHeight="604"/>
	<SubTexture name="TANK TALK 3 P2 UNCUT0254" x="7693" y="2302" width="461" height="543" frameX="-4" frameY="-61" frameWidth="539" frameHeight="604"/>
	<SubTexture name="TANK TALK 3 P2 UNCUT0255" x="7693" y="2302" width="461" height="543" frameX="-4" frameY="-61" frameWidth="539" frameHeight="604"/>
	<SubTexture name="TANK TALK 3 P2 UNCUT0256" x="2483" y="2309" width="461" height="543" frameX="-4" frameY="-61" frameWidth="539" frameHeight="604"/>
	<SubTexture name="TANK TALK 3 P2 UNCUT0257" x="2483" y="2309" width="461" height="543" frameX="-4" frameY="-61" frameWidth="539" frameHeight="604"/>
	<SubTexture name="TANK TALK 3 P2 UNCUT0258" x="0" y="2315" width="461" height="543" frameX="-4" frameY="-61" frameWidth="539" frameHeight="604"/>
	<SubTexture name="TANK TALK 3 P2 UNCUT0259" x="0" y="2315" width="461" height="543" frameX="-4" frameY="-61" frameWidth="539" frameHeight="604"/>
	<SubTexture name="TANK TALK 3 P2 UNCUT0260" x="2483" y="2309" width="461" height="543" frameX="-4" frameY="-61" frameWidth="539" frameHeight="604"/>
	<SubTexture name="TANK TALK 3 P2 UNCUT0261" x="2483" y="2309" width="461" height="543" frameX="-4" frameY="-61" frameWidth="539" frameHeight="604"/>
	<SubTexture name="TANK TALK 3 P2 UNCUT0262" x="465" y="2315" width="461" height="543" frameX="-4" frameY="-61" frameWidth="539" frameHeight="604"/>
	<SubTexture name="TANK TALK 3 P2 UNCUT0263" x="465" y="2315" width="461" height="543" frameX="-4" frameY="-61" frameWidth="539" frameHeight="604"/>
	<SubTexture name="TANK TALK 3 P2 UNCUT0264" x="930" y="2315" width="461" height="543" frameX="-4" frameY="-61" frameWidth="539" frameHeight="604"/>
	<SubTexture name="TANK TALK 3 P2 UNCUT0265" x="1724" y="3476" width="450" height="540" frameX="-15" frameY="-64" frameWidth="539" frameHeight="604"/>
	<SubTexture name="TANK TALK 3 P2 UNCUT0266" x="1724" y="3476" width="450" height="540" frameX="-15" frameY="-64" frameWidth="539" frameHeight="604"/>
	<SubTexture name="TANK TALK 3 P2 UNCUT0267" x="2178" y="4007" width="424" height="536" frameX="-37" frameY="-68" frameWidth="539" frameHeight="604"/>
	<SubTexture name="TANK TALK 3 P2 UNCUT0268" x="2178" y="4007" width="424" height="536" frameX="-37" frameY="-68" frameWidth="539" frameHeight="604"/>
	<SubTexture name="TANK TALK 3 P2 UNCUT0269" x="5315" y="3998" width="428" height="546" frameX="-37" frameY="-58" frameWidth="539" frameHeight="604"/>
	<SubTexture name="TANK TALK 3 P2 UNCUT0270" x="5315" y="3998" width="428" height="546" frameX="-37" frameY="-58" frameWidth="539" frameHeight="604"/>
	<SubTexture name="TANK TALK 3 P2 UNCUT0271" x="6864" y="4000" width="428" height="546" frameX="-37" frameY="-58" frameWidth="539" frameHeight="604"/>
	<SubTexture name="TANK TALK 3 P2 UNCUT0272" x="6864" y="4000" width="428" height="546" frameX="-37" frameY="-58" frameWidth="539" frameHeight="604"/>
	<SubTexture name="TANK TALK 3 P2 UNCUT0273" x="6864" y="4000" width="428" height="546" frameX="-37" frameY="-58" frameWidth="539" frameHeight="604"/>
	<SubTexture name="TANK TALK 3 P2 UNCUT0274" x="7296" y="4000" width="428" height="546" frameX="-37" frameY="-58" frameWidth="539" frameHeight="604"/>
	<SubTexture name="TANK TALK 3 P2 UNCUT0275" x="7296" y="4000" width="428" height="546" frameX="-37" frameY="-58" frameWidth="539" frameHeight="604"/>
	<SubTexture name="TANK TALK 3 P2 UNCUT0276" x="7296" y="4000" width="428" height="546" frameX="-37" frameY="-58" frameWidth="539" frameHeight="604"/>
	<SubTexture name="TANK TALK 3 P2 UNCUT0277" x="7296" y="4000" width="428" height="546" frameX="-37" frameY="-58" frameWidth="539" frameHeight="604"/>
	<SubTexture name="TANK TALK 3 P2 UNCUT0278" x="7296" y="4000" width="428" height="546" frameX="-37" frameY="-58" frameWidth="539" frameHeight="604"/>
	<SubTexture name="TANK TALK 3 P2 UNCUT0279" x="7296" y="4000" width="428" height="546" frameX="-37" frameY="-58" frameWidth="539" frameHeight="604"/>
	<SubTexture name="TANK TALK 3 P2 UNCUT0280" x="7296" y="4000" width="428" height="546" frameX="-37" frameY="-58" frameWidth="539" frameHeight="604"/>
	<SubTexture name="TANK TALK 3 P2 UNCUT0281" x="7296" y="4000" width="428" height="546" frameX="-37" frameY="-58" frameWidth="539" frameHeight="604"/>
	<SubTexture name="TANK TALK 3 P2 UNCUT0282" x="7296" y="4000" width="428" height="546" frameX="-37" frameY="-58" frameWidth="539" frameHeight="604"/>
	<SubTexture name="TANK TALK 3 P2 UNCUT0283" x="7296" y="4000" width="428" height="546" frameX="-37" frameY="-58" frameWidth="539" frameHeight="604"/>
	<SubTexture name="TANK TALK 3 P2 UNCUT0284" x="7296" y="4000" width="428" height="546" frameX="-37" frameY="-58" frameWidth="539" frameHeight="604"/>
	<SubTexture name="TANK TALK 3 P2 UNCUT0285" x="7296" y="4000" width="428" height="546" frameX="-37" frameY="-58" frameWidth="539" frameHeight="604"/>
	<SubTexture name="TANK TALK 3 P2 UNCUT0286" x="3474" y="3997" width="430" height="546" frameX="-33" frameY="-58" frameWidth="539" frameHeight="604"/>
	<SubTexture name="TANK TALK 3 P2 UNCUT0287" x="3908" y="3997" width="430" height="545" frameX="-33" frameY="-59" frameWidth="539" frameHeight="604"/>
	<SubTexture name="TANK TALK 3 P2 UNCUT0288" x="3908" y="3997" width="430" height="545" frameX="-33" frameY="-59" frameWidth="539" frameHeight="604"/>
	<SubTexture name="TANK TALK 3 P2 UNCUT0289" x="3039" y="3997" width="431" height="547" frameX="-37" frameY="-57" frameWidth="539" frameHeight="604"/>
	<SubTexture name="TANK TALK 3 P2 UNCUT0290" x="3039" y="3997" width="431" height="547" frameX="-37" frameY="-57" frameWidth="539" frameHeight="604"/>
	<SubTexture name="TANK TALK 3 P2 UNCUT0291" x="7578" y="4617" width="371" height="595" frameX="-43" frameY="-5" frameWidth="539" frameHeight="604"/>
	<SubTexture name="TANK TALK 3 P2 UNCUT0292" x="7578" y="4617" width="371" height="595" frameX="-43" frameY="-5" frameWidth="539" frameHeight="604"/>
	<SubTexture name="TANK TALK 3 P2 UNCUT0293" x="768" y="4013" width="379" height="594" frameX="-41" frameY="-6" frameWidth="539" frameHeight="604"/>
	<SubTexture name="TANK TALK 3 P2 UNCUT0294" x="768" y="4013" width="379" height="594" frameX="-41" frameY="-6" frameWidth="539" frameHeight="604"/>
	<SubTexture name="TANK TALK 3 P2 UNCUT0295" x="3474" y="4547" width="379" height="592" frameX="-41" frameY="-8" frameWidth="539" frameHeight="604"/>
	<SubTexture name="TANK TALK 3 P2 UNCUT0296" x="3039" y="4548" width="379" height="592" frameX="-41" frameY="-8" frameWidth="539" frameHeight="604"/>
	<SubTexture name="TANK TALK 3 P2 UNCUT0297" x="0" y="4611" width="371" height="600" frameX="-43" frameY="0" frameWidth="539" frameHeight="604"/>
	<SubTexture name="TANK TALK 3 P2 UNCUT0298" x="0" y="4611" width="371" height="600" frameX="-43" frameY="0" frameWidth="539" frameHeight="604"/>
	<SubTexture name="TANK TALK 3 P2 UNCUT0299" x="0" y="4013" width="380" height="594" frameX="-40" frameY="-6" frameWidth="539" frameHeight="604"/>
	<SubTexture name="TANK TALK 3 P2 UNCUT0300" x="0" y="4013" width="380" height="594" frameX="-40" frameY="-6" frameWidth="539" frameHeight="604"/>
	<SubTexture name="TANK TALK 3 P2 UNCUT0301" x="5108" y="4548" width="379" height="592" frameX="-41" frameY="-8" frameWidth="539" frameHeight="604"/>
	<SubTexture name="TANK TALK 3 P2 UNCUT0302" x="5108" y="4548" width="379" height="592" frameX="-41" frameY="-8" frameWidth="539" frameHeight="604"/>
	<SubTexture name="TANK TALK 3 P2 UNCUT0303" x="5108" y="4548" width="379" height="592" frameX="-41" frameY="-8" frameWidth="539" frameHeight="604"/>
	<SubTexture name="TANK TALK 3 P2 UNCUT0304" x="750" y="4611" width="371" height="597" frameX="-43" frameY="-3" frameWidth="539" frameHeight="604"/>
	<SubTexture name="TANK TALK 3 P2 UNCUT0305" x="750" y="4611" width="371" height="597" frameX="-43" frameY="-3" frameWidth="539" frameHeight="604"/>
	<SubTexture name="TANK TALK 3 P2 UNCUT0306" x="384" y="4013" width="380" height="594" frameX="-40" frameY="-6" frameWidth="539" frameHeight="604"/>
	<SubTexture name="TANK TALK 3 P2 UNCUT0307" x="0" y="4013" width="380" height="594" frameX="-40" frameY="-6" frameWidth="539" frameHeight="604"/>
	<SubTexture name="TANK TALK 3 P2 UNCUT0308" x="4725" y="4532" width="379" height="593" frameX="-41" frameY="-7" frameWidth="539" frameHeight="604"/>
	<SubTexture name="TANK TALK 3 P2 UNCUT0309" x="3908" y="4546" width="379" height="593" frameX="-41" frameY="-7" frameWidth="539" frameHeight="604"/>
	<SubTexture name="TANK TALK 3 P2 UNCUT0310" x="3908" y="4546" width="379" height="593" frameX="-41" frameY="-7" frameWidth="539" frameHeight="604"/>
	<SubTexture name="TANK TALK 3 P2 UNCUT0311" x="4291" y="4617" width="371" height="596" frameX="-43" frameY="-4" frameWidth="539" frameHeight="604"/>
	<SubTexture name="TANK TALK 3 P2 UNCUT0312" x="4291" y="4617" width="371" height="596" frameX="-43" frameY="-4" frameWidth="539" frameHeight="604"/>
	<SubTexture name="TANK TALK 3 P2 UNCUT0313" x="384" y="4013" width="380" height="594" frameX="-40" frameY="-6" frameWidth="539" frameHeight="604"/>
	<SubTexture name="TANK TALK 3 P2 UNCUT0314" x="0" y="4013" width="380" height="594" frameX="-40" frameY="-6" frameWidth="539" frameHeight="604"/>
	<SubTexture name="TANK TALK 3 P2 UNCUT0315" x="2107" y="4547" width="379" height="593" frameX="-41" frameY="-7" frameWidth="539" frameHeight="604"/>
	<SubTexture name="TANK TALK 3 P2 UNCUT0316" x="2107" y="4547" width="379" height="593" frameX="-41" frameY="-7" frameWidth="539" frameHeight="604"/>
	<SubTexture name="TANK TALK 3 P2 UNCUT0317" x="2107" y="4547" width="379" height="593" frameX="-41" frameY="-7" frameWidth="539" frameHeight="604"/>
	<SubTexture name="TANK TALK 3 P2 UNCUT0318" x="375" y="4611" width="371" height="599" frameX="-43" frameY="-1" frameWidth="539" frameHeight="604"/>
	<SubTexture name="TANK TALK 3 P2 UNCUT0319" x="375" y="4611" width="371" height="599" frameX="-43" frameY="-1" frameWidth="539" frameHeight="604"/>
	<SubTexture name="TANK TALK 3 P2 UNCUT0320" x="384" y="4013" width="380" height="594" frameX="-40" frameY="-6" frameWidth="539" frameHeight="604"/>
	<SubTexture name="TANK TALK 3 P2 UNCUT0321" x="0" y="4013" width="380" height="594" frameX="-40" frameY="-6" frameWidth="539" frameHeight="604"/>
	<SubTexture name="TANK TALK 3 P2 UNCUT0322" x="0" y="4013" width="380" height="594" frameX="-40" frameY="-6" frameWidth="539" frameHeight="604"/>
	<SubTexture name="TANK TALK 3 P2 UNCUT0323" x="6812" y="4550" width="379" height="592" frameX="-41" frameY="-8" frameWidth="539" frameHeight="604"/>
	<SubTexture name="TANK TALK 3 P2 UNCUT0324" x="7195" y="4550" width="379" height="592" frameX="-41" frameY="-8" frameWidth="539" frameHeight="604"/>
	<SubTexture name="TANK TALK 3 P2 UNCUT0325" x="7195" y="4550" width="379" height="592" frameX="-41" frameY="-8" frameWidth="539" frameHeight="604"/>
	<SubTexture name="TANK TALK 3 P2 UNCUT0326" x="7195" y="4550" width="379" height="592" frameX="-41" frameY="-8" frameWidth="539" frameHeight="604"/>
	<SubTexture name="TANK TALK 3 P2 UNCUT0327" x="2490" y="4570" width="379" height="592" frameX="-41" frameY="-8" frameWidth="539" frameHeight="604"/>
	<SubTexture name="TANK TALK 3 P2 UNCUT0328" x="2490" y="4570" width="379" height="592" frameX="-41" frameY="-8" frameWidth="539" frameHeight="604"/>
	<SubTexture name="TANK TALK 3 P2 UNCUT0329" x="2490" y="4570" width="379" height="592" frameX="-41" frameY="-8" frameWidth="539" frameHeight="604"/>
	<SubTexture name="TANK TALK 3 P2 UNCUT0330" x="4342" y="4019" width="379" height="594" frameX="-41" frameY="-6" frameWidth="539" frameHeight="604"/>
	<SubTexture name="TANK TALK 3 P2 UNCUT0331" x="4342" y="4019" width="379" height="594" frameX="-41" frameY="-6" frameWidth="539" frameHeight="604"/>
	<SubTexture name="TANK TALK 3 P2 UNCUT0332" x="7728" y="4019" width="379" height="594" frameX="-41" frameY="-6" frameWidth="539" frameHeight="604"/>
	<SubTexture name="TANK TALK 3 P2 UNCUT0333" x="7728" y="4019" width="379" height="594" frameX="-41" frameY="-6" frameWidth="539" frameHeight="604"/>
	<SubTexture name="TANK TALK 3 P2 UNCUT0334" x="1724" y="4020" width="379" height="594" frameX="-41" frameY="-6" frameWidth="539" frameHeight="604"/>
	<SubTexture name="TANK TALK 3 P2 UNCUT0335" x="1724" y="4020" width="379" height="594" frameX="-41" frameY="-6" frameWidth="539" frameHeight="604"/>
	<SubTexture name="TANK TALK 3 P2 UNCUT0336" x="1151" y="4043" width="379" height="594" frameX="-41" frameY="-6" frameWidth="539" frameHeight="604"/>
	<SubTexture name="TANK TALK 3 P2 UNCUT0337" x="7728" y="4019" width="379" height="594" frameX="-41" frameY="-6" frameWidth="539" frameHeight="604"/>
	<SubTexture name="TANK TALK 3 P2 UNCUT0338" x="6431" y="4050" width="377" height="597" frameX="-41" frameY="-3" frameWidth="539" frameHeight="604"/>
	<SubTexture name="TANK TALK 3 P2 UNCUT0339" x="5747" y="4055" width="377" height="597" frameX="-41" frameY="-3" frameWidth="539" frameHeight="604"/>
	<SubTexture name="TANK TALK 3 P2 UNCUT0340" x="7779" y="3426" width="389" height="589" frameX="-38" frameY="-11" frameWidth="539" frameHeight="604"/>
	<SubTexture name="TANK TALK 3 P2 UNCUT0341" x="7299" y="1731" width="501" height="567" frameX="-5" frameY="-33" frameWidth="539" frameHeight="604"/>
	<SubTexture name="TANK TALK 3 P2 UNCUT0342" x="7299" y="1731" width="501" height="567" frameX="-5" frameY="-33" frameWidth="539" frameHeight="604"/>
	<SubTexture name="TANK TALK 3 P2 UNCUT0343" x="0" y="1738" width="495" height="573" frameX="-6" frameY="-27" frameWidth="539" frameHeight="604"/>
	<SubTexture name="TANK TALK 3 P2 UNCUT0344" x="0" y="1738" width="495" height="573" frameX="-6" frameY="-27" frameWidth="539" frameHeight="604"/>
	<SubTexture name="TANK TALK 3 P2 UNCUT0345" x="499" y="1738" width="495" height="573" frameX="-6" frameY="-27" frameWidth="539" frameHeight="604"/>
	<SubTexture name="TANK TALK 3 P2 UNCUT0346" x="998" y="1738" width="495" height="573" frameX="-6" frameY="-27" frameWidth="539" frameHeight="604"/>
	<SubTexture name="TANK TALK 3 P2 UNCUT0347" x="998" y="1738" width="495" height="573" frameX="-6" frameY="-27" frameWidth="539" frameHeight="604"/>
	<SubTexture name="TANK TALK 3 P2 UNCUT0348" x="1497" y="1738" width="495" height="573" frameX="-6" frameY="-27" frameWidth="539" frameHeight="604"/>
	<SubTexture name="TANK TALK 3 P2 UNCUT0349" x="1497" y="1738" width="495" height="573" frameX="-6" frameY="-27" frameWidth="539" frameHeight="604"/>
	<SubTexture name="TANK TALK 3 P2 UNCUT0350" x="1497" y="1738" width="495" height="573" frameX="-6" frameY="-27" frameWidth="539" frameHeight="604"/>
	<SubTexture name="TANK TALK 3 P2 UNCUT0351" x="1497" y="1738" width="495" height="573" frameX="-6" frameY="-27" frameWidth="539" frameHeight="604"/>
	<SubTexture name="TANK TALK 3 P2 UNCUT0352" x="1497" y="1738" width="495" height="573" frameX="-6" frameY="-27" frameWidth="539" frameHeight="604"/>
	<SubTexture name="TANK TALK 3 P2 UNCUT0353" x="1497" y="1738" width="495" height="573" frameX="-6" frameY="-27" frameWidth="539" frameHeight="604"/>
	<SubTexture name="TANK TALK 3 P2 UNCUT0354" x="1497" y="1738" width="495" height="573" frameX="-6" frameY="-27" frameWidth="539" frameHeight="604"/>
	<SubTexture name="TANK TALK 3 P2 UNCUT0355" x="1497" y="1738" width="495" height="573" frameX="-6" frameY="-27" frameWidth="539" frameHeight="604"/>
	<SubTexture name="TANK TALK 3 P2 UNCUT0356" x="1497" y="1738" width="495" height="573" frameX="-6" frameY="-27" frameWidth="539" frameHeight="604"/>
	<SubTexture name="TANK TALK 3 P2 UNCUT0357" x="1497" y="1738" width="495" height="573" frameX="-6" frameY="-27" frameWidth="539" frameHeight="604"/>
	<SubTexture name="TANK TALK 3 P2 UNCUT0358" x="1497" y="1738" width="495" height="573" frameX="-6" frameY="-27" frameWidth="539" frameHeight="604"/>
	<SubTexture name="TANK TALK 3 P2 UNCUT0359" x="1497" y="1738" width="495" height="573" frameX="-6" frameY="-27" frameWidth="539" frameHeight="604"/>
	<SubTexture name="TANK TALK 3 P2 UNCUT0360" x="1497" y="1738" width="495" height="573" frameX="-6" frameY="-27" frameWidth="539" frameHeight="604"/>
</TextureAtlas>
