﻿<?xml version="1.0" encoding="utf-8"?>
<TextureAtlas imagePath="tankTalkSong2.png">
	<!-- Created with Adobe Animate version 21.0.0.35450 -->
	<!-- http://www.adobe.com/products/animate.html -->
	<SubTexture name="TANK TALK 2 instance 10000" x="4774" y="1160" width="428" height="574" frameX="-2" frameY="-6" frameWidth="440" frameHeight="581"/>
	<SubTexture name="TANK TALK 2 instance 10001" x="4774" y="1160" width="428" height="574" frameX="-2" frameY="-6" frameWidth="440" frameHeight="581"/>
	<SubTexture name="TANK TALK 2 instance 10002" x="4774" y="1160" width="428" height="574" frameX="-2" frameY="-6" frameWidth="440" frameHeight="581"/>
	<SubTexture name="TANK TALK 2 instance 10003" x="4774" y="1160" width="428" height="574" frameX="-2" frameY="-6" frameWidth="440" frameHeight="581"/>
	<SubTexture name="TANK TALK 2 instance 10004" x="4774" y="1160" width="428" height="574" frameX="-2" frameY="-6" frameWidth="440" frameHeight="581"/>
	<SubTexture name="TANK TALK 2 instance 10005" x="4774" y="1160" width="428" height="574" frameX="-2" frameY="-6" frameWidth="440" frameHeight="581"/>
	<SubTexture name="TANK TALK 2 instance 10006" x="4774" y="1160" width="428" height="574" frameX="-2" frameY="-6" frameWidth="440" frameHeight="581"/>
	<SubTexture name="TANK TALK 2 instance 10007" x="4774" y="1160" width="428" height="574" frameX="-2" frameY="-6" frameWidth="440" frameHeight="581"/>
	<SubTexture name="TANK TALK 2 instance 10008" x="4774" y="1160" width="428" height="574" frameX="-2" frameY="-6" frameWidth="440" frameHeight="581"/>
	<SubTexture name="TANK TALK 2 instance 10009" x="4774" y="1160" width="428" height="574" frameX="-2" frameY="-6" frameWidth="440" frameHeight="581"/>
	<SubTexture name="TANK TALK 2 instance 10010" x="5206" y="1160" width="428" height="574" frameX="-2" frameY="-6" frameWidth="440" frameHeight="581"/>
	<SubTexture name="TANK TALK 2 instance 10011" x="6071" y="1160" width="428" height="570" frameX="-2" frameY="-11" frameWidth="440" frameHeight="581"/>
	<SubTexture name="TANK TALK 2 instance 10012" x="6071" y="1160" width="428" height="570" frameX="-2" frameY="-11" frameWidth="440" frameHeight="581"/>
	<SubTexture name="TANK TALK 2 instance 10013" x="3045" y="582" width="429" height="578" frameX="-3" frameY="-2" frameWidth="440" frameHeight="581"/>
	<SubTexture name="TANK TALK 2 instance 10014" x="3045" y="582" width="429" height="578" frameX="-3" frameY="-2" frameWidth="440" frameHeight="581"/>
	<SubTexture name="TANK TALK 2 instance 10015" x="0" y="0" width="431" height="578" frameX="0" frameY="-2" frameWidth="440" frameHeight="581"/>
	<SubTexture name="TANK TALK 2 instance 10016" x="0" y="0" width="431" height="578" frameX="0" frameY="-2" frameWidth="440" frameHeight="581"/>
	<SubTexture name="TANK TALK 2 instance 10017" x="435" y="0" width="431" height="578" frameX="0" frameY="-2" frameWidth="440" frameHeight="581"/>
	<SubTexture name="TANK TALK 2 instance 10018" x="435" y="0" width="431" height="578" frameX="0" frameY="-2" frameWidth="440" frameHeight="581"/>
	<SubTexture name="TANK TALK 2 instance 10019" x="870" y="0" width="431" height="578" frameX="0" frameY="-2" frameWidth="440" frameHeight="581"/>
	<SubTexture name="TANK TALK 2 instance 10020" x="1305" y="0" width="431" height="578" frameX="0" frameY="-2" frameWidth="440" frameHeight="581"/>
	<SubTexture name="TANK TALK 2 instance 10021" x="1305" y="0" width="431" height="578" frameX="0" frameY="-2" frameWidth="440" frameHeight="581"/>
	<SubTexture name="TANK TALK 2 instance 10022" x="1740" y="0" width="431" height="578" frameX="0" frameY="-2" frameWidth="440" frameHeight="581"/>
	<SubTexture name="TANK TALK 2 instance 10023" x="1740" y="0" width="431" height="578" frameX="0" frameY="-2" frameWidth="440" frameHeight="581"/>
	<SubTexture name="TANK TALK 2 instance 10024" x="2175" y="0" width="431" height="578" frameX="0" frameY="-2" frameWidth="440" frameHeight="581"/>
	<SubTexture name="TANK TALK 2 instance 10025" x="2175" y="0" width="431" height="578" frameX="0" frameY="-2" frameWidth="440" frameHeight="581"/>
	<SubTexture name="TANK TALK 2 instance 10026" x="2175" y="0" width="431" height="578" frameX="0" frameY="-2" frameWidth="440" frameHeight="581"/>
	<SubTexture name="TANK TALK 2 instance 10027" x="2610" y="0" width="431" height="578" frameX="0" frameY="-2" frameWidth="440" frameHeight="581"/>
	<SubTexture name="TANK TALK 2 instance 10028" x="2610" y="0" width="431" height="578" frameX="0" frameY="-2" frameWidth="440" frameHeight="581"/>
	<SubTexture name="TANK TALK 2 instance 10029" x="2175" y="0" width="431" height="578" frameX="0" frameY="-2" frameWidth="440" frameHeight="581"/>
	<SubTexture name="TANK TALK 2 instance 10030" x="2175" y="0" width="431" height="578" frameX="0" frameY="-2" frameWidth="440" frameHeight="581"/>
	<SubTexture name="TANK TALK 2 instance 10031" x="3045" y="0" width="431" height="578" frameX="0" frameY="-2" frameWidth="440" frameHeight="581"/>
	<SubTexture name="TANK TALK 2 instance 10032" x="3045" y="0" width="431" height="578" frameX="0" frameY="-2" frameWidth="440" frameHeight="581"/>
	<SubTexture name="TANK TALK 2 instance 10033" x="3480" y="0" width="431" height="578" frameX="0" frameY="-2" frameWidth="440" frameHeight="581"/>
	<SubTexture name="TANK TALK 2 instance 10034" x="3915" y="0" width="431" height="578" frameX="0" frameY="-2" frameWidth="440" frameHeight="581"/>
	<SubTexture name="TANK TALK 2 instance 10035" x="3915" y="0" width="431" height="578" frameX="0" frameY="-2" frameWidth="440" frameHeight="581"/>
	<SubTexture name="TANK TALK 2 instance 10036" x="3915" y="0" width="431" height="578" frameX="0" frameY="-2" frameWidth="440" frameHeight="581"/>
	<SubTexture name="TANK TALK 2 instance 10037" x="4350" y="0" width="431" height="578" frameX="0" frameY="-2" frameWidth="440" frameHeight="581"/>
	<SubTexture name="TANK TALK 2 instance 10038" x="4350" y="0" width="431" height="578" frameX="0" frameY="-2" frameWidth="440" frameHeight="581"/>
	<SubTexture name="TANK TALK 2 instance 10039" x="4785" y="0" width="431" height="578" frameX="0" frameY="-2" frameWidth="440" frameHeight="581"/>
	<SubTexture name="TANK TALK 2 instance 10040" x="4785" y="0" width="431" height="578" frameX="0" frameY="-2" frameWidth="440" frameHeight="581"/>
	<SubTexture name="TANK TALK 2 instance 10041" x="2175" y="0" width="431" height="578" frameX="0" frameY="-2" frameWidth="440" frameHeight="581"/>
	<SubTexture name="TANK TALK 2 instance 10042" x="2175" y="0" width="431" height="578" frameX="0" frameY="-2" frameWidth="440" frameHeight="581"/>
	<SubTexture name="TANK TALK 2 instance 10043" x="2175" y="0" width="431" height="578" frameX="0" frameY="-2" frameWidth="440" frameHeight="581"/>
	<SubTexture name="TANK TALK 2 instance 10044" x="5220" y="0" width="431" height="578" frameX="0" frameY="-2" frameWidth="440" frameHeight="581"/>
	<SubTexture name="TANK TALK 2 instance 10045" x="5220" y="0" width="431" height="578" frameX="0" frameY="-2" frameWidth="440" frameHeight="581"/>
	<SubTexture name="TANK TALK 2 instance 10046" x="5655" y="0" width="431" height="578" frameX="0" frameY="-2" frameWidth="440" frameHeight="581"/>
	<SubTexture name="TANK TALK 2 instance 10047" x="5655" y="0" width="431" height="578" frameX="0" frameY="-2" frameWidth="440" frameHeight="581"/>
	<SubTexture name="TANK TALK 2 instance 10048" x="5655" y="0" width="431" height="578" frameX="0" frameY="-2" frameWidth="440" frameHeight="581"/>
	<SubTexture name="TANK TALK 2 instance 10049" x="6090" y="0" width="431" height="578" frameX="0" frameY="-2" frameWidth="440" frameHeight="581"/>
	<SubTexture name="TANK TALK 2 instance 10050" x="6090" y="0" width="431" height="578" frameX="0" frameY="-2" frameWidth="440" frameHeight="581"/>
	<SubTexture name="TANK TALK 2 instance 10051" x="6525" y="0" width="431" height="578" frameX="0" frameY="-2" frameWidth="440" frameHeight="581"/>
	<SubTexture name="TANK TALK 2 instance 10052" x="6525" y="0" width="431" height="578" frameX="0" frameY="-2" frameWidth="440" frameHeight="581"/>
	<SubTexture name="TANK TALK 2 instance 10053" x="6525" y="0" width="431" height="578" frameX="0" frameY="-2" frameWidth="440" frameHeight="581"/>
	<SubTexture name="TANK TALK 2 instance 10054" x="2175" y="0" width="431" height="578" frameX="0" frameY="-2" frameWidth="440" frameHeight="581"/>
	<SubTexture name="TANK TALK 2 instance 10055" x="2175" y="0" width="431" height="578" frameX="0" frameY="-2" frameWidth="440" frameHeight="581"/>
	<SubTexture name="TANK TALK 2 instance 10056" x="1305" y="0" width="431" height="578" frameX="0" frameY="-2" frameWidth="440" frameHeight="581"/>
	<SubTexture name="TANK TALK 2 instance 10057" x="1305" y="0" width="431" height="578" frameX="0" frameY="-2" frameWidth="440" frameHeight="581"/>
	<SubTexture name="TANK TALK 2 instance 10058" x="1305" y="0" width="431" height="578" frameX="0" frameY="-2" frameWidth="440" frameHeight="581"/>
	<SubTexture name="TANK TALK 2 instance 10059" x="6960" y="0" width="431" height="578" frameX="0" frameY="-2" frameWidth="440" frameHeight="581"/>
	<SubTexture name="TANK TALK 2 instance 10060" x="6960" y="0" width="431" height="578" frameX="0" frameY="-2" frameWidth="440" frameHeight="581"/>
	<SubTexture name="TANK TALK 2 instance 10061" x="7395" y="0" width="431" height="578" frameX="0" frameY="-2" frameWidth="440" frameHeight="581"/>
	<SubTexture name="TANK TALK 2 instance 10062" x="2175" y="0" width="431" height="578" frameX="0" frameY="-2" frameWidth="440" frameHeight="581"/>
	<SubTexture name="TANK TALK 2 instance 10063" x="2175" y="0" width="431" height="578" frameX="0" frameY="-2" frameWidth="440" frameHeight="581"/>
	<SubTexture name="TANK TALK 2 instance 10064" x="0" y="582" width="431" height="578" frameX="0" frameY="-2" frameWidth="440" frameHeight="581"/>
	<SubTexture name="TANK TALK 2 instance 10065" x="0" y="582" width="431" height="578" frameX="0" frameY="-2" frameWidth="440" frameHeight="581"/>
	<SubTexture name="TANK TALK 2 instance 10066" x="435" y="582" width="431" height="578" frameX="0" frameY="-2" frameWidth="440" frameHeight="581"/>
	<SubTexture name="TANK TALK 2 instance 10067" x="435" y="582" width="431" height="578" frameX="0" frameY="-2" frameWidth="440" frameHeight="581"/>
	<SubTexture name="TANK TALK 2 instance 10068" x="435" y="0" width="431" height="578" frameX="0" frameY="-2" frameWidth="440" frameHeight="581"/>
	<SubTexture name="TANK TALK 2 instance 10069" x="435" y="0" width="431" height="578" frameX="0" frameY="-2" frameWidth="440" frameHeight="581"/>
	<SubTexture name="TANK TALK 2 instance 10070" x="870" y="582" width="431" height="578" frameX="0" frameY="-2" frameWidth="440" frameHeight="581"/>
	<SubTexture name="TANK TALK 2 instance 10071" x="1305" y="582" width="431" height="578" frameX="0" frameY="-2" frameWidth="440" frameHeight="581"/>
	<SubTexture name="TANK TALK 2 instance 10072" x="1305" y="582" width="431" height="578" frameX="0" frameY="-2" frameWidth="440" frameHeight="581"/>
	<SubTexture name="TANK TALK 2 instance 10073" x="1740" y="582" width="431" height="578" frameX="0" frameY="-2" frameWidth="440" frameHeight="581"/>
	<SubTexture name="TANK TALK 2 instance 10074" x="1740" y="582" width="431" height="578" frameX="0" frameY="-2" frameWidth="440" frameHeight="581"/>
	<SubTexture name="TANK TALK 2 instance 10075" x="2175" y="582" width="431" height="578" frameX="0" frameY="-2" frameWidth="440" frameHeight="581"/>
	<SubTexture name="TANK TALK 2 instance 10076" x="2610" y="582" width="431" height="578" frameX="0" frameY="-2" frameWidth="440" frameHeight="581"/>
	<SubTexture name="TANK TALK 2 instance 10077" x="2610" y="582" width="431" height="578" frameX="0" frameY="-2" frameWidth="440" frameHeight="581"/>
	<SubTexture name="TANK TALK 2 instance 10078" x="5655" y="0" width="431" height="578" frameX="0" frameY="-2" frameWidth="440" frameHeight="581"/>
	<SubTexture name="TANK TALK 2 instance 10079" x="5655" y="0" width="431" height="578" frameX="0" frameY="-2" frameWidth="440" frameHeight="581"/>
	<SubTexture name="TANK TALK 2 instance 10080" x="3478" y="1160" width="426" height="578" frameX="-5" frameY="-2" frameWidth="440" frameHeight="581"/>
	<SubTexture name="TANK TALK 2 instance 10081" x="3478" y="1160" width="426" height="578" frameX="-5" frameY="-2" frameWidth="440" frameHeight="581"/>
	<SubTexture name="TANK TALK 2 instance 10082" x="5638" y="1736" width="411" height="578" frameX="-20" frameY="-2" frameWidth="440" frameHeight="581"/>
	<SubTexture name="TANK TALK 2 instance 10083" x="415" y="2896" width="405" height="578" frameX="-26" frameY="-2" frameWidth="440" frameHeight="581"/>
	<SubTexture name="TANK TALK 2 instance 10084" x="1660" y="2896" width="405" height="578" frameX="-26" frameY="-2" frameWidth="440" frameHeight="581"/>
	<SubTexture name="TANK TALK 2 instance 10085" x="6071" y="1734" width="412" height="578" frameX="-19" frameY="-2" frameWidth="440" frameHeight="581"/>
	<SubTexture name="TANK TALK 2 instance 10086" x="6071" y="1734" width="412" height="578" frameX="-19" frameY="-2" frameWidth="440" frameHeight="581"/>
	<SubTexture name="TANK TALK 2 instance 10087" x="6071" y="1734" width="412" height="578" frameX="-19" frameY="-2" frameWidth="440" frameHeight="581"/>
	<SubTexture name="TANK TALK 2 instance 10088" x="1688" y="1164" width="413" height="578" frameX="-18" frameY="-2" frameWidth="440" frameHeight="581"/>
	<SubTexture name="TANK TALK 2 instance 10089" x="1688" y="1164" width="413" height="578" frameX="-18" frameY="-2" frameWidth="440" frameHeight="581"/>
	<SubTexture name="TANK TALK 2 instance 10090" x="2105" y="1164" width="413" height="578" frameX="-18" frameY="-2" frameWidth="440" frameHeight="581"/>
	<SubTexture name="TANK TALK 2 instance 10091" x="2105" y="1164" width="413" height="578" frameX="-18" frameY="-2" frameWidth="440" frameHeight="581"/>
	<SubTexture name="TANK TALK 2 instance 10092" x="2522" y="1164" width="413" height="578" frameX="-18" frameY="-2" frameWidth="440" frameHeight="581"/>
	<SubTexture name="TANK TALK 2 instance 10093" x="2939" y="1164" width="413" height="578" frameX="-18" frameY="-2" frameWidth="440" frameHeight="581"/>
	<SubTexture name="TANK TALK 2 instance 10094" x="2939" y="1164" width="413" height="578" frameX="-18" frameY="-2" frameWidth="440" frameHeight="581"/>
	<SubTexture name="TANK TALK 2 instance 10095" x="6487" y="1736" width="411" height="578" frameX="-20" frameY="-2" frameWidth="440" frameHeight="581"/>
	<SubTexture name="TANK TALK 2 instance 10096" x="6487" y="1736" width="411" height="578" frameX="-20" frameY="-2" frameWidth="440" frameHeight="581"/>
	<SubTexture name="TANK TALK 2 instance 10097" x="2069" y="2896" width="405" height="578" frameX="-26" frameY="-2" frameWidth="440" frameHeight="581"/>
	<SubTexture name="TANK TALK 2 instance 10098" x="6902" y="1736" width="413" height="571" frameX="-27" frameY="-9" frameWidth="440" frameHeight="581"/>
	<SubTexture name="TANK TALK 2 instance 10099" x="6902" y="1736" width="413" height="571" frameX="-27" frameY="-9" frameWidth="440" frameHeight="581"/>
	<SubTexture name="TANK TALK 2 instance 10100" x="7319" y="1736" width="411" height="571" frameX="-27" frameY="-9" frameWidth="440" frameHeight="581"/>
	<SubTexture name="TANK TALK 2 instance 10101" x="7319" y="1736" width="411" height="571" frameX="-27" frameY="-9" frameWidth="440" frameHeight="581"/>
	<SubTexture name="TANK TALK 2 instance 10102" x="7734" y="1736" width="411" height="571" frameX="-27" frameY="-9" frameWidth="440" frameHeight="581"/>
	<SubTexture name="TANK TALK 2 instance 10103" x="7734" y="1736" width="411" height="571" frameX="-27" frameY="-9" frameWidth="440" frameHeight="581"/>
	<SubTexture name="TANK TALK 2 instance 10104" x="3908" y="1737" width="411" height="571" frameX="-27" frameY="-9" frameWidth="440" frameHeight="581"/>
	<SubTexture name="TANK TALK 2 instance 10105" x="3908" y="1737" width="411" height="571" frameX="-27" frameY="-9" frameWidth="440" frameHeight="581"/>
	<SubTexture name="TANK TALK 2 instance 10106" x="4323" y="1737" width="411" height="571" frameX="-27" frameY="-9" frameWidth="440" frameHeight="581"/>
	<SubTexture name="TANK TALK 2 instance 10107" x="4323" y="1737" width="411" height="571" frameX="-27" frameY="-9" frameWidth="440" frameHeight="581"/>
	<SubTexture name="TANK TALK 2 instance 10108" x="4738" y="1738" width="411" height="571" frameX="-27" frameY="-9" frameWidth="440" frameHeight="581"/>
	<SubTexture name="TANK TALK 2 instance 10109" x="4738" y="1738" width="411" height="571" frameX="-27" frameY="-9" frameWidth="440" frameHeight="581"/>
	<SubTexture name="TANK TALK 2 instance 10110" x="5153" y="1738" width="411" height="571" frameX="-27" frameY="-9" frameWidth="440" frameHeight="581"/>
	<SubTexture name="TANK TALK 2 instance 10111" x="5153" y="1738" width="411" height="571" frameX="-27" frameY="-9" frameWidth="440" frameHeight="581"/>
	<SubTexture name="TANK TALK 2 instance 10112" x="3356" y="1742" width="411" height="571" frameX="-27" frameY="-9" frameWidth="440" frameHeight="581"/>
	<SubTexture name="TANK TALK 2 instance 10113" x="0" y="1746" width="411" height="571" frameX="-27" frameY="-9" frameWidth="440" frameHeight="581"/>
	<SubTexture name="TANK TALK 2 instance 10114" x="415" y="1746" width="411" height="571" frameX="-27" frameY="-9" frameWidth="440" frameHeight="581"/>
	<SubTexture name="TANK TALK 2 instance 10115" x="1688" y="1746" width="411" height="571" frameX="-27" frameY="-9" frameWidth="440" frameHeight="581"/>
	<SubTexture name="TANK TALK 2 instance 10116" x="1688" y="1746" width="411" height="571" frameX="-27" frameY="-9" frameWidth="440" frameHeight="581"/>
	<SubTexture name="TANK TALK 2 instance 10117" x="2103" y="1746" width="411" height="571" frameX="-27" frameY="-9" frameWidth="440" frameHeight="581"/>
	<SubTexture name="TANK TALK 2 instance 10118" x="2518" y="1746" width="411" height="571" frameX="-27" frameY="-9" frameWidth="440" frameHeight="581"/>
	<SubTexture name="TANK TALK 2 instance 10119" x="2518" y="1746" width="411" height="571" frameX="-27" frameY="-9" frameWidth="440" frameHeight="581"/>
	<SubTexture name="TANK TALK 2 instance 10120" x="2933" y="1746" width="411" height="571" frameX="-27" frameY="-9" frameWidth="440" frameHeight="581"/>
	<SubTexture name="TANK TALK 2 instance 10121" x="2933" y="1746" width="411" height="571" frameX="-27" frameY="-9" frameWidth="440" frameHeight="581"/>
	<SubTexture name="TANK TALK 2 instance 10122" x="830" y="1749" width="411" height="571" frameX="-27" frameY="-9" frameWidth="440" frameHeight="581"/>
	<SubTexture name="TANK TALK 2 instance 10123" x="1245" y="1749" width="411" height="571" frameX="-27" frameY="-9" frameWidth="440" frameHeight="581"/>
	<SubTexture name="TANK TALK 2 instance 10124" x="1245" y="1749" width="411" height="571" frameX="-27" frameY="-9" frameWidth="440" frameHeight="581"/>
	<SubTexture name="TANK TALK 2 instance 10125" x="6902" y="2311" width="411" height="571" frameX="-27" frameY="-9" frameWidth="440" frameHeight="581"/>
	<SubTexture name="TANK TALK 2 instance 10126" x="6902" y="2311" width="411" height="571" frameX="-27" frameY="-9" frameWidth="440" frameHeight="581"/>
	<SubTexture name="TANK TALK 2 instance 10127" x="6902" y="2311" width="411" height="571" frameX="-27" frameY="-9" frameWidth="440" frameHeight="581"/>
	<SubTexture name="TANK TALK 2 instance 10128" x="7317" y="2311" width="411" height="571" frameX="-27" frameY="-9" frameWidth="440" frameHeight="581"/>
	<SubTexture name="TANK TALK 2 instance 10129" x="7317" y="2311" width="411" height="571" frameX="-27" frameY="-9" frameWidth="440" frameHeight="581"/>
	<SubTexture name="TANK TALK 2 instance 10130" x="7734" y="1736" width="411" height="571" frameX="-27" frameY="-9" frameWidth="440" frameHeight="581"/>
	<SubTexture name="TANK TALK 2 instance 10131" x="7732" y="2311" width="411" height="571" frameX="-27" frameY="-9" frameWidth="440" frameHeight="581"/>
	<SubTexture name="TANK TALK 2 instance 10132" x="7732" y="2311" width="411" height="571" frameX="-27" frameY="-9" frameWidth="440" frameHeight="581"/>
	<SubTexture name="TANK TALK 2 instance 10133" x="3771" y="2312" width="411" height="571" frameX="-27" frameY="-9" frameWidth="440" frameHeight="581"/>
	<SubTexture name="TANK TALK 2 instance 10134" x="3771" y="2312" width="411" height="571" frameX="-27" frameY="-9" frameWidth="440" frameHeight="581"/>
	<SubTexture name="TANK TALK 2 instance 10135" x="3771" y="2312" width="411" height="571" frameX="-27" frameY="-9" frameWidth="440" frameHeight="581"/>
	<SubTexture name="TANK TALK 2 instance 10136" x="4186" y="2312" width="411" height="571" frameX="-27" frameY="-9" frameWidth="440" frameHeight="581"/>
	<SubTexture name="TANK TALK 2 instance 10137" x="4186" y="2312" width="411" height="571" frameX="-27" frameY="-9" frameWidth="440" frameHeight="581"/>
	<SubTexture name="TANK TALK 2 instance 10138" x="2518" y="1746" width="411" height="571" frameX="-27" frameY="-9" frameWidth="440" frameHeight="581"/>
	<SubTexture name="TANK TALK 2 instance 10139" x="2518" y="1746" width="411" height="571" frameX="-27" frameY="-9" frameWidth="440" frameHeight="581"/>
	<SubTexture name="TANK TALK 2 instance 10140" x="4601" y="2313" width="411" height="571" frameX="-27" frameY="-9" frameWidth="440" frameHeight="581"/>
	<SubTexture name="TANK TALK 2 instance 10141" x="4601" y="2313" width="411" height="571" frameX="-27" frameY="-9" frameWidth="440" frameHeight="581"/>
	<SubTexture name="TANK TALK 2 instance 10142" x="5016" y="2313" width="411" height="571" frameX="-27" frameY="-9" frameWidth="440" frameHeight="581"/>
	<SubTexture name="TANK TALK 2 instance 10143" x="5016" y="2313" width="411" height="571" frameX="-27" frameY="-9" frameWidth="440" frameHeight="581"/>
	<SubTexture name="TANK TALK 2 instance 10144" x="415" y="1746" width="411" height="571" frameX="-27" frameY="-9" frameWidth="440" frameHeight="581"/>
	<SubTexture name="TANK TALK 2 instance 10145" x="415" y="1746" width="411" height="571" frameX="-27" frameY="-9" frameWidth="440" frameHeight="581"/>
	<SubTexture name="TANK TALK 2 instance 10146" x="6053" y="2316" width="411" height="571" frameX="-27" frameY="-9" frameWidth="440" frameHeight="581"/>
	<SubTexture name="TANK TALK 2 instance 10147" x="3348" y="2317" width="411" height="571" frameX="-27" frameY="-9" frameWidth="440" frameHeight="581"/>
	<SubTexture name="TANK TALK 2 instance 10148" x="3348" y="2317" width="411" height="571" frameX="-27" frameY="-9" frameWidth="440" frameHeight="581"/>
	<SubTexture name="TANK TALK 2 instance 10149" x="5431" y="2318" width="411" height="571" frameX="-27" frameY="-9" frameWidth="440" frameHeight="581"/>
	<SubTexture name="TANK TALK 2 instance 10150" x="5431" y="2318" width="411" height="571" frameX="-27" frameY="-9" frameWidth="440" frameHeight="581"/>
	<SubTexture name="TANK TALK 2 instance 10151" x="6468" y="2318" width="411" height="571" frameX="-27" frameY="-9" frameWidth="440" frameHeight="581"/>
	<SubTexture name="TANK TALK 2 instance 10152" x="6468" y="2318" width="411" height="571" frameX="-27" frameY="-9" frameWidth="440" frameHeight="581"/>
	<SubTexture name="TANK TALK 2 instance 10153" x="0" y="2321" width="411" height="571" frameX="-27" frameY="-9" frameWidth="440" frameHeight="581"/>
	<SubTexture name="TANK TALK 2 instance 10154" x="0" y="2321" width="411" height="571" frameX="-27" frameY="-9" frameWidth="440" frameHeight="581"/>
	<SubTexture name="TANK TALK 2 instance 10155" x="415" y="2321" width="411" height="571" frameX="-27" frameY="-9" frameWidth="440" frameHeight="581"/>
	<SubTexture name="TANK TALK 2 instance 10156" x="415" y="2321" width="411" height="571" frameX="-27" frameY="-9" frameWidth="440" frameHeight="581"/>
	<SubTexture name="TANK TALK 2 instance 10157" x="1660" y="2321" width="411" height="571" frameX="-27" frameY="-9" frameWidth="440" frameHeight="581"/>
	<SubTexture name="TANK TALK 2 instance 10158" x="1660" y="2321" width="411" height="571" frameX="-27" frameY="-9" frameWidth="440" frameHeight="581"/>
	<SubTexture name="TANK TALK 2 instance 10159" x="2075" y="2321" width="411" height="571" frameX="-27" frameY="-9" frameWidth="440" frameHeight="581"/>
	<SubTexture name="TANK TALK 2 instance 10160" x="2075" y="2321" width="411" height="571" frameX="-27" frameY="-9" frameWidth="440" frameHeight="581"/>
	<SubTexture name="TANK TALK 2 instance 10161" x="2490" y="2321" width="411" height="571" frameX="-27" frameY="-9" frameWidth="440" frameHeight="581"/>
	<SubTexture name="TANK TALK 2 instance 10162" x="2490" y="2321" width="411" height="571" frameX="-27" frameY="-9" frameWidth="440" frameHeight="581"/>
	<SubTexture name="TANK TALK 2 instance 10163" x="2905" y="2321" width="411" height="571" frameX="-27" frameY="-9" frameWidth="440" frameHeight="581"/>
	<SubTexture name="TANK TALK 2 instance 10164" x="830" y="2324" width="411" height="571" frameX="-27" frameY="-9" frameWidth="440" frameHeight="581"/>
	<SubTexture name="TANK TALK 2 instance 10165" x="1245" y="2324" width="411" height="571" frameX="-27" frameY="-9" frameWidth="440" frameHeight="581"/>
	<SubTexture name="TANK TALK 2 instance 10166" x="6883" y="2886" width="411" height="571" frameX="-27" frameY="-9" frameWidth="440" frameHeight="581"/>
	<SubTexture name="TANK TALK 2 instance 10167" x="2518" y="1746" width="411" height="571" frameX="-27" frameY="-9" frameWidth="440" frameHeight="581"/>
	<SubTexture name="TANK TALK 2 instance 10168" x="2518" y="1746" width="411" height="571" frameX="-27" frameY="-9" frameWidth="440" frameHeight="581"/>
	<SubTexture name="TANK TALK 2 instance 10169" x="7298" y="2886" width="411" height="571" frameX="-27" frameY="-9" frameWidth="440" frameHeight="581"/>
	<SubTexture name="TANK TALK 2 instance 10170" x="7298" y="2886" width="411" height="571" frameX="-27" frameY="-9" frameWidth="440" frameHeight="581"/>
	<SubTexture name="TANK TALK 2 instance 10171" x="7713" y="2886" width="411" height="571" frameX="-27" frameY="-9" frameWidth="440" frameHeight="581"/>
	<SubTexture name="TANK TALK 2 instance 10172" x="7713" y="2886" width="411" height="571" frameX="-27" frameY="-9" frameWidth="440" frameHeight="581"/>
	<SubTexture name="TANK TALK 2 instance 10173" x="7713" y="2886" width="411" height="571" frameX="-27" frameY="-9" frameWidth="440" frameHeight="581"/>
	<SubTexture name="TANK TALK 2 instance 10174" x="3763" y="2887" width="411" height="571" frameX="-27" frameY="-9" frameWidth="440" frameHeight="581"/>
	<SubTexture name="TANK TALK 2 instance 10175" x="3763" y="2887" width="411" height="571" frameX="-27" frameY="-9" frameWidth="440" frameHeight="581"/>
	<SubTexture name="TANK TALK 2 instance 10176" x="4178" y="2887" width="411" height="571" frameX="-27" frameY="-9" frameWidth="440" frameHeight="581"/>
	<SubTexture name="TANK TALK 2 instance 10177" x="4178" y="2887" width="411" height="571" frameX="-27" frameY="-9" frameWidth="440" frameHeight="581"/>
	<SubTexture name="TANK TALK 2 instance 10178" x="4593" y="2888" width="411" height="571" frameX="-27" frameY="-9" frameWidth="440" frameHeight="581"/>
	<SubTexture name="TANK TALK 2 instance 10179" x="4593" y="2888" width="411" height="571" frameX="-27" frameY="-9" frameWidth="440" frameHeight="581"/>
	<SubTexture name="TANK TALK 2 instance 10180" x="5008" y="2888" width="411" height="571" frameX="-27" frameY="-9" frameWidth="440" frameHeight="581"/>
	<SubTexture name="TANK TALK 2 instance 10181" x="5008" y="2888" width="411" height="571" frameX="-27" frameY="-9" frameWidth="440" frameHeight="581"/>
	<SubTexture name="TANK TALK 2 instance 10182" x="5846" y="2891" width="411" height="571" frameX="-27" frameY="-9" frameWidth="440" frameHeight="581"/>
	<SubTexture name="TANK TALK 2 instance 10183" x="5846" y="2891" width="411" height="571" frameX="-27" frameY="-9" frameWidth="440" frameHeight="581"/>
	<SubTexture name="TANK TALK 2 instance 10184" x="3320" y="2892" width="411" height="571" frameX="-27" frameY="-9" frameWidth="440" frameHeight="581"/>
	<SubTexture name="TANK TALK 2 instance 10185" x="5423" y="2893" width="411" height="571" frameX="-27" frameY="-9" frameWidth="440" frameHeight="581"/>
	<SubTexture name="TANK TALK 2 instance 10186" x="5423" y="2893" width="411" height="571" frameX="-27" frameY="-9" frameWidth="440" frameHeight="581"/>
	<SubTexture name="TANK TALK 2 instance 10187" x="6261" y="2893" width="411" height="571" frameX="-27" frameY="-9" frameWidth="440" frameHeight="581"/>
	<SubTexture name="TANK TALK 2 instance 10188" x="6261" y="2893" width="411" height="571" frameX="-27" frameY="-9" frameWidth="440" frameHeight="581"/>
	<SubTexture name="TANK TALK 2 instance 10189" x="0" y="2896" width="411" height="571" frameX="-27" frameY="-9" frameWidth="440" frameHeight="581"/>
	<SubTexture name="TANK TALK 2 instance 10190" x="0" y="2896" width="411" height="571" frameX="-27" frameY="-9" frameWidth="440" frameHeight="581"/>
	<SubTexture name="TANK TALK 2 instance 10191" x="0" y="2896" width="411" height="571" frameX="-27" frameY="-9" frameWidth="440" frameHeight="581"/>
	<SubTexture name="TANK TALK 2 instance 10192" x="2478" y="2896" width="416" height="562" frameX="-24" frameY="-18" frameWidth="440" frameHeight="581"/>
	<SubTexture name="TANK TALK 2 instance 10193" x="2898" y="2896" width="416" height="562" frameX="-24" frameY="-18" frameWidth="440" frameHeight="581"/>
	<SubTexture name="TANK TALK 2 instance 10194" x="848" y="1164" width="416" height="581" frameX="-3" frameY="0" frameWidth="440" frameHeight="581"/>
	<SubTexture name="TANK TALK 2 instance 10195" x="1268" y="1164" width="416" height="581" frameX="-3" frameY="0" frameWidth="440" frameHeight="581"/>
	<SubTexture name="TANK TALK 2 instance 10196" x="1268" y="1164" width="416" height="581" frameX="-3" frameY="0" frameWidth="440" frameHeight="581"/>
	<SubTexture name="TANK TALK 2 instance 10197" x="0" y="1164" width="420" height="578" frameX="-4" frameY="-2" frameWidth="440" frameHeight="581"/>
	<SubTexture name="TANK TALK 2 instance 10198" x="0" y="1164" width="420" height="578" frameX="-4" frameY="-2" frameWidth="440" frameHeight="581"/>
	<SubTexture name="TANK TALK 2 instance 10199" x="0" y="1164" width="420" height="578" frameX="-4" frameY="-2" frameWidth="440" frameHeight="581"/>
	<SubTexture name="TANK TALK 2 instance 10200" x="424" y="1164" width="420" height="578" frameX="-4" frameY="-2" frameWidth="440" frameHeight="581"/>
	<SubTexture name="TANK TALK 2 instance 10201" x="5638" y="1160" width="429" height="572" frameX="-2" frameY="-8" frameWidth="440" frameHeight="581"/>
	<SubTexture name="TANK TALK 2 instance 10202" x="5638" y="1160" width="429" height="572" frameX="-2" frameY="-8" frameWidth="440" frameHeight="581"/>
	<SubTexture name="TANK TALK 2 instance 10203" x="3478" y="582" width="429" height="574" frameX="-2" frameY="-6" frameWidth="440" frameHeight="581"/>
	<SubTexture name="TANK TALK 2 instance 10204" x="3911" y="582" width="429" height="574" frameX="-2" frameY="-6" frameWidth="440" frameHeight="581"/>
	<SubTexture name="TANK TALK 2 instance 10205" x="3911" y="582" width="429" height="574" frameX="-2" frameY="-6" frameWidth="440" frameHeight="581"/>
	<SubTexture name="TANK TALK 2 instance 10206" x="3911" y="582" width="429" height="574" frameX="-2" frameY="-6" frameWidth="440" frameHeight="581"/>
	<SubTexture name="TANK TALK 2 instance 10207" x="3911" y="582" width="429" height="574" frameX="-2" frameY="-6" frameWidth="440" frameHeight="581"/>
	<SubTexture name="TANK TALK 2 instance 10208" x="3911" y="582" width="429" height="574" frameX="-2" frameY="-6" frameWidth="440" frameHeight="581"/>
	<SubTexture name="TANK TALK 2 instance 10209" x="3911" y="582" width="429" height="574" frameX="-2" frameY="-6" frameWidth="440" frameHeight="581"/>
	<SubTexture name="TANK TALK 2 instance 10210" x="3911" y="582" width="429" height="574" frameX="-2" frameY="-6" frameWidth="440" frameHeight="581"/>
	<SubTexture name="TANK TALK 2 instance 10211" x="4344" y="582" width="429" height="574" frameX="-2" frameY="-6" frameWidth="440" frameHeight="581"/>
	<SubTexture name="TANK TALK 2 instance 10212" x="4344" y="582" width="429" height="574" frameX="-2" frameY="-6" frameWidth="440" frameHeight="581"/>
	<SubTexture name="TANK TALK 2 instance 10213" x="4344" y="582" width="429" height="574" frameX="-2" frameY="-6" frameWidth="440" frameHeight="581"/>
	<SubTexture name="TANK TALK 2 instance 10214" x="4344" y="582" width="429" height="574" frameX="-2" frameY="-6" frameWidth="440" frameHeight="581"/>
	<SubTexture name="TANK TALK 2 instance 10215" x="4344" y="582" width="429" height="574" frameX="-2" frameY="-6" frameWidth="440" frameHeight="581"/>
	<SubTexture name="TANK TALK 2 instance 10216" x="4344" y="582" width="429" height="574" frameX="-2" frameY="-6" frameWidth="440" frameHeight="581"/>
	<SubTexture name="TANK TALK 2 instance 10217" x="4344" y="582" width="429" height="574" frameX="-2" frameY="-6" frameWidth="440" frameHeight="581"/>
	<SubTexture name="TANK TALK 2 instance 10218" x="4777" y="582" width="429" height="574" frameX="-2" frameY="-6" frameWidth="440" frameHeight="581"/>
	<SubTexture name="TANK TALK 2 instance 10219" x="4777" y="582" width="429" height="574" frameX="-2" frameY="-6" frameWidth="440" frameHeight="581"/>
	<SubTexture name="TANK TALK 2 instance 10220" x="4777" y="582" width="429" height="574" frameX="-2" frameY="-6" frameWidth="440" frameHeight="581"/>
	<SubTexture name="TANK TALK 2 instance 10221" x="4777" y="582" width="429" height="574" frameX="-2" frameY="-6" frameWidth="440" frameHeight="581"/>
	<SubTexture name="TANK TALK 2 instance 10222" x="5210" y="582" width="429" height="574" frameX="-2" frameY="-6" frameWidth="440" frameHeight="581"/>
	<SubTexture name="TANK TALK 2 instance 10223" x="5210" y="582" width="429" height="574" frameX="-2" frameY="-6" frameWidth="440" frameHeight="581"/>
	<SubTexture name="TANK TALK 2 instance 10224" x="5210" y="582" width="429" height="574" frameX="-2" frameY="-6" frameWidth="440" frameHeight="581"/>
	<SubTexture name="TANK TALK 2 instance 10225" x="5210" y="582" width="429" height="574" frameX="-2" frameY="-6" frameWidth="440" frameHeight="581"/>
	<SubTexture name="TANK TALK 2 instance 10226" x="5643" y="582" width="429" height="574" frameX="-2" frameY="-6" frameWidth="440" frameHeight="581"/>
	<SubTexture name="TANK TALK 2 instance 10227" x="5643" y="582" width="429" height="574" frameX="-2" frameY="-6" frameWidth="440" frameHeight="581"/>
	<SubTexture name="TANK TALK 2 instance 10228" x="5643" y="582" width="429" height="574" frameX="-2" frameY="-6" frameWidth="440" frameHeight="581"/>
	<SubTexture name="TANK TALK 2 instance 10229" x="5643" y="582" width="429" height="574" frameX="-2" frameY="-6" frameWidth="440" frameHeight="581"/>
	<SubTexture name="TANK TALK 2 instance 10230" x="5643" y="582" width="429" height="574" frameX="-2" frameY="-6" frameWidth="440" frameHeight="581"/>
	<SubTexture name="TANK TALK 2 instance 10231" x="6503" y="1160" width="426" height="572" frameX="-3" frameY="-8" frameWidth="440" frameHeight="581"/>
	<SubTexture name="TANK TALK 2 instance 10232" x="6503" y="1160" width="426" height="572" frameX="-3" frameY="-8" frameWidth="440" frameHeight="581"/>
	<SubTexture name="TANK TALK 2 instance 10233" x="6076" y="582" width="429" height="574" frameX="-2" frameY="-6" frameWidth="440" frameHeight="581"/>
	<SubTexture name="TANK TALK 2 instance 10234" x="6076" y="582" width="429" height="574" frameX="-2" frameY="-6" frameWidth="440" frameHeight="581"/>
	<SubTexture name="TANK TALK 2 instance 10235" x="6076" y="582" width="429" height="574" frameX="-2" frameY="-6" frameWidth="440" frameHeight="581"/>
	<SubTexture name="TANK TALK 2 instance 10236" x="6933" y="1160" width="426" height="572" frameX="-3" frameY="-8" frameWidth="440" frameHeight="581"/>
	<SubTexture name="TANK TALK 2 instance 10237" x="6933" y="1160" width="426" height="572" frameX="-3" frameY="-8" frameWidth="440" frameHeight="581"/>
	<SubTexture name="TANK TALK 2 instance 10238" x="6076" y="582" width="429" height="574" frameX="-2" frameY="-6" frameWidth="440" frameHeight="581"/>
	<SubTexture name="TANK TALK 2 instance 10239" x="6076" y="582" width="429" height="574" frameX="-2" frameY="-6" frameWidth="440" frameHeight="581"/>
	<SubTexture name="TANK TALK 2 instance 10240" x="6076" y="582" width="429" height="574" frameX="-2" frameY="-6" frameWidth="440" frameHeight="581"/>
	<SubTexture name="TANK TALK 2 instance 10241" x="6509" y="582" width="429" height="574" frameX="-2" frameY="-6" frameWidth="440" frameHeight="581"/>
	<SubTexture name="TANK TALK 2 instance 10242" x="6933" y="1160" width="426" height="572" frameX="-3" frameY="-8" frameWidth="440" frameHeight="581"/>
	<SubTexture name="TANK TALK 2 instance 10243" x="7363" y="1160" width="426" height="572" frameX="-3" frameY="-8" frameWidth="440" frameHeight="581"/>
	<SubTexture name="TANK TALK 2 instance 10244" x="6076" y="582" width="429" height="574" frameX="-2" frameY="-6" frameWidth="440" frameHeight="581"/>
	<SubTexture name="TANK TALK 2 instance 10245" x="6076" y="582" width="429" height="574" frameX="-2" frameY="-6" frameWidth="440" frameHeight="581"/>
	<SubTexture name="TANK TALK 2 instance 10246" x="6509" y="582" width="429" height="574" frameX="-2" frameY="-6" frameWidth="440" frameHeight="581"/>
	<SubTexture name="TANK TALK 2 instance 10247" x="6509" y="582" width="429" height="574" frameX="-2" frameY="-6" frameWidth="440" frameHeight="581"/>
	<SubTexture name="TANK TALK 2 instance 10248" x="7363" y="1160" width="426" height="572" frameX="-3" frameY="-8" frameWidth="440" frameHeight="581"/>
	<SubTexture name="TANK TALK 2 instance 10249" x="7363" y="1160" width="426" height="572" frameX="-3" frameY="-8" frameWidth="440" frameHeight="581"/>
	<SubTexture name="TANK TALK 2 instance 10250" x="3908" y="1160" width="429" height="573" frameX="-2" frameY="-7" frameWidth="440" frameHeight="581"/>
	<SubTexture name="TANK TALK 2 instance 10251" x="4341" y="1160" width="429" height="573" frameX="-2" frameY="-7" frameWidth="440" frameHeight="581"/>
	<SubTexture name="TANK TALK 2 instance 10252" x="5210" y="582" width="429" height="574" frameX="-2" frameY="-6" frameWidth="440" frameHeight="581"/>
	<SubTexture name="TANK TALK 2 instance 10253" x="5210" y="582" width="429" height="574" frameX="-2" frameY="-6" frameWidth="440" frameHeight="581"/>
	<SubTexture name="TANK TALK 2 instance 10254" x="5210" y="582" width="429" height="574" frameX="-2" frameY="-6" frameWidth="440" frameHeight="581"/>
	<SubTexture name="TANK TALK 2 instance 10255" x="5210" y="582" width="429" height="574" frameX="-2" frameY="-6" frameWidth="440" frameHeight="581"/>
	<SubTexture name="TANK TALK 2 instance 10256" x="6942" y="582" width="429" height="574" frameX="-2" frameY="-6" frameWidth="440" frameHeight="581"/>
	<SubTexture name="TANK TALK 2 instance 10257" x="6942" y="582" width="429" height="574" frameX="-2" frameY="-6" frameWidth="440" frameHeight="581"/>
	<SubTexture name="TANK TALK 2 instance 10258" x="5210" y="582" width="429" height="574" frameX="-2" frameY="-6" frameWidth="440" frameHeight="581"/>
	<SubTexture name="TANK TALK 2 instance 10259" x="5210" y="582" width="429" height="574" frameX="-2" frameY="-6" frameWidth="440" frameHeight="581"/>
	<SubTexture name="TANK TALK 2 instance 10260" x="5210" y="582" width="429" height="574" frameX="-2" frameY="-6" frameWidth="440" frameHeight="581"/>
	<SubTexture name="TANK TALK 2 instance 10261" x="5210" y="582" width="429" height="574" frameX="-2" frameY="-6" frameWidth="440" frameHeight="581"/>
	<SubTexture name="TANK TALK 2 instance 10262" x="7375" y="582" width="429" height="574" frameX="-2" frameY="-6" frameWidth="440" frameHeight="581"/>
	<SubTexture name="TANK TALK 2 instance 10263" x="7375" y="582" width="429" height="574" frameX="-2" frameY="-6" frameWidth="440" frameHeight="581"/>
	<SubTexture name="TANK TALK 2 instance 10264" x="7375" y="582" width="429" height="574" frameX="-2" frameY="-6" frameWidth="440" frameHeight="581"/>
	<SubTexture name="TANK TALK 2 instance 10265" x="5210" y="582" width="429" height="574" frameX="-2" frameY="-6" frameWidth="440" frameHeight="581"/>
	<SubTexture name="TANK TALK 2 instance 10266" x="5210" y="582" width="429" height="574" frameX="-2" frameY="-6" frameWidth="440" frameHeight="581"/>
	<SubTexture name="TANK TALK 2 instance 10267" x="5210" y="582" width="429" height="574" frameX="-2" frameY="-6" frameWidth="440" frameHeight="581"/>
	<SubTexture name="TANK TALK 2 instance 10268" x="5210" y="582" width="429" height="574" frameX="-2" frameY="-6" frameWidth="440" frameHeight="581"/>
	<SubTexture name="TANK TALK 2 instance 10269" x="5210" y="582" width="429" height="574" frameX="-2" frameY="-6" frameWidth="440" frameHeight="581"/>
	<SubTexture name="TANK TALK 2 instance 10270" x="5210" y="582" width="429" height="574" frameX="-2" frameY="-6" frameWidth="440" frameHeight="581"/>
	<SubTexture name="TANK TALK 2 instance 10271" x="4344" y="582" width="429" height="574" frameX="-2" frameY="-6" frameWidth="440" frameHeight="581"/>
	<SubTexture name="TANK TALK 2 instance 10272" x="4344" y="582" width="429" height="574" frameX="-2" frameY="-6" frameWidth="440" frameHeight="581"/>
	<SubTexture name="TANK TALK 2 instance 10273" x="4344" y="582" width="429" height="574" frameX="-2" frameY="-6" frameWidth="440" frameHeight="581"/>
	<SubTexture name="TANK TALK 2 instance 10274" x="4344" y="582" width="429" height="574" frameX="-2" frameY="-6" frameWidth="440" frameHeight="581"/>
	<SubTexture name="TANK TALK 2 instance 10275" x="4344" y="582" width="429" height="574" frameX="-2" frameY="-6" frameWidth="440" frameHeight="581"/>
	<SubTexture name="TANK TALK 2 instance 10276" x="4344" y="582" width="429" height="574" frameX="-2" frameY="-6" frameWidth="440" frameHeight="581"/>
	<SubTexture name="TANK TALK 2 instance 10277" x="4344" y="582" width="429" height="574" frameX="-2" frameY="-6" frameWidth="440" frameHeight="581"/>
	<SubTexture name="TANK TALK 2 instance 10278" x="4344" y="582" width="429" height="574" frameX="-2" frameY="-6" frameWidth="440" frameHeight="581"/>
	<SubTexture name="TANK TALK 2 instance 10279" x="4344" y="582" width="429" height="574" frameX="-2" frameY="-6" frameWidth="440" frameHeight="581"/>
</TextureAtlas>
